2026.05.01 19:00:20 INFO  Started: Metals version 1.6.7 in folders 'C:\Users\gujar\OneDrive\Documents\Java' for client Visual Studio Code 1.118.1.
2026.05.01 19:00:20 INFO  Memory monitor started
2026.05.01 19:00:22 WARN  Using H2 2.4.240 which is newer than the version Flyway has been verified with. The latest verified version of H2 is 2.3.232.
May 01, 2026 7:00:27 PM org.eclipse.lsp4j.jsonrpc.RemoteEndpoint handleCancellation
WARNING: Unmatched cancel notification for request id 2
2026.05.01 19:00:28 INFO  no build target found for C:\Users\gujar\OneDrive\Documents\Java\linked_list\doubley_linked_list.java. Using fallback presentation compiler.
2026.05.01 19:00:28 WARN  no build tool detected in workspace 'C:\Users\gujar\OneDrive\Documents\Java'. The most common cause for this problem is that the editor was opened in the wrong working directory, for example if you use sbt then the workspace directory should contain build.sbt. 
2026.05.01 19:00:28 WARN  Build server is not auto-connectable.
2026.05.01 19:00:29 WARN  no build target for: C:\Users\gujar\OneDrive\Documents\Java\linked_list\doubley_linked_list.java
2026.05.01 19:00:29 INFO  no build target found for C:\Users\gujar\OneDrive\Documents\Java\linked_list\doubley_linked_list.java. Using fallback presentation compiler.
May 01, 2026 7:00:29 PM org.eclipse.lsp4j.jsonrpc.RemoteEndpoint handleCancellation
WARNING: Unmatched cancel notification for request id 3
2026.05.01 19:00:29 INFO  no build target found for C:\Users\gujar\OneDrive\Documents\Java\linked_list\doubley_linked_list.java. Using fallback presentation compiler.
2026.05.01 19:00:31 INFO  no build target found for C:\Users\gujar\OneDrive\Documents\Java\linked_list\doubley_linked_list.java. Using fallback presentation compiler.
2026.05.01 19:00:31 INFO  no build target found for C:\Users\gujar\OneDrive\Documents\Java\linked_list\doubley_linked_list.java. Using fallback presentation compiler.
May 01, 2026 7:00:32 PM org.eclipse.lsp4j.jsonrpc.RemoteEndpoint handleCancellation
WARNING: Unmatched cancel notification for request id 10
May 01, 2026 7:00:32 PM org.eclipse.lsp4j.jsonrpc.RemoteEndpoint handleCancellation
WARNING: Unmatched cancel notification for request id 11
2026.05.01 19:00:31 INFO  no build target found for C:\Users\gujar\OneDrive\Documents\Java\linked_list\doubley_linked_list.java. Using fallback presentation compiler.
May 01, 2026 7:00:32 PM org.eclipse.lsp4j.jsonrpc.RemoteEndpoint handleCancellation
WARNING: Unmatched cancel notification for request id 14
2026.05.01 19:00:32 INFO  no build target found for C:\Users\gujar\OneDrive\Documents\Java\linked_list\doubley_linked_list.java. Using fallback presentation compiler.
May 01, 2026 7:00:33 PM org.eclipse.lsp4j.jsonrpc.RemoteEndpoint handleCancellation
WARNING: Unmatched cancel notification for request id 17
May 01, 2026 7:00:33 PM org.eclipse.lsp4j.jsonrpc.RemoteEndpoint handleCancellation
WARNING: Unmatched cancel notification for request id 18
2026.05.01 19:00:33 INFO  no build target found for C:\Users\gujar\OneDrive\Documents\Java\linked_list\doubley_linked_list.java. Using fallback presentation compiler.
2026.05.01 19:00:33 INFO  no build target found for C:\Users\gujar\OneDrive\Documents\Java\linked_list\doubley_linked_list.java. Using fallback presentation compiler.
2026.05.01 19:00:33 INFO  no build target found for C:\Users\gujar\OneDrive\Documents\Java\linked_list\doubley_linked_list.java. Using fallback presentation compiler.
May 01, 2026 7:00:34 PM org.eclipse.lsp4j.jsonrpc.RemoteEndpoint handleCancellation
WARNING: Unmatched cancel notification for request id 23
2026.05.01 19:00:33 INFO  no build target found for C:\Users\gujar\OneDrive\Documents\Java\linked_list\doubley_linked_list.java. Using fallback presentation compiler.
2026.05.01 19:00:34 INFO  no build target found for C:\Users\gujar\OneDrive\Documents\Java\linked_list\doubley_linked_list.java. Using fallback presentation compiler.
May 01, 2026 7:00:34 PM org.eclipse.lsp4j.jsonrpc.RemoteEndpoint handleCancellation
WARNING: Unmatched cancel notification for request id 25
May 01, 2026 7:00:34 PM org.eclipse.lsp4j.jsonrpc.RemoteEndpoint handleCancellation
WARNING: Unmatched cancel notification for request id 27
May 01, 2026 7:00:34 PM org.eclipse.lsp4j.jsonrpc.RemoteEndpoint handleCancellation
WARNING: Unmatched cancel notification for request id 26
2026.05.01 19:00:33 INFO  no build target found for C:\Users\gujar\OneDrive\Documents\Java\linked_list\doubley_linked_list.java. Using fallback presentation compiler.
2026.05.01 19:00:33 INFO  no build target found for C:\Users\gujar\OneDrive\Documents\Java\linked_list\doubley_linked_list.java. Using fallback presentation compiler.
May 01, 2026 7:00:35 PM org.eclipse.lsp4j.jsonrpc.RemoteEndpoint handleCancellation
WARNING: Unmatched cancel notification for request id 28
May 01, 2026 7:00:35 PM org.eclipse.lsp4j.jsonrpc.RemoteEndpoint handleCancellation
WARNING: Unmatched cancel notification for request id 22
2026.05.01 19:00:35 INFO  no build target found for C:\Users\gujar\OneDrive\Documents\Java\linked_list\creating_linked_list.java. Using fallback presentation compiler.
2026.05.01 19:00:35 WARN  no build target for: C:\Users\gujar\OneDrive\Documents\Java\linked_list\creating_linked_list.java
2026.05.01 19:00:35 INFO  no build target found for C:\Users\gujar\OneDrive\Documents\Java\linked_list\creating_linked_list.java. Using fallback presentation compiler.
2026.05.01 19:00:35 INFO  no build target found for C:\Users\gujar\OneDrive\Documents\Java\linked_list\creating_linked_list.java. Using fallback presentation compiler.
May 01, 2026 7:00:35 PM org.eclipse.lsp4j.jsonrpc.RemoteEndpoint handleCancellation
WARNING: Unmatched cancel notification for request id 32
2026.05.01 19:00:35 INFO  no build target found for C:\Users\gujar\OneDrive\Documents\Java\linked_list\creating_linked_list.java. Using fallback presentation compiler.
2026.05.01 19:00:36 WARN  no build target for: C:\Users\gujar\OneDrive\Documents\Java\linked_list\doubley_linked_list.java
May 01, 2026 7:00:36 PM org.eclipse.lsp4j.jsonrpc.RemoteEndpoint handleCancellation
WARNING: Unmatched cancel notification for request id 37
2026.05.01 19:00:35 INFO  no build target found for C:\Users\gujar\OneDrive\Documents\Java\linked_list\creating_linked_list.java. Using fallback presentation compiler.
May 01, 2026 7:00:36 PM org.eclipse.lsp4j.jsonrpc.RemoteEndpoint handleCancellation
WARNING: Unmatched cancel notification for request id 43
May 01, 2026 7:00:36 PM org.eclipse.lsp4j.jsonrpc.RemoteEndpoint handleCancellation
WARNING: Unmatched cancel notification for request id 42
May 01, 2026 7:00:36 PM org.eclipse.lsp4j.jsonrpc.RemoteEndpoint handleCancellation
WARNING: Unmatched cancel notification for request id 38
May 01, 2026 7:00:36 PM org.eclipse.lsp4j.jsonrpc.RemoteEndpoint handleCancellation
WARNING: Unmatched cancel notification for request id 33
2026.05.01 19:00:35 INFO  no build target found for C:\Users\gujar\OneDrive\Documents\Java\linked_list\doubley_linked_list.java. Using fallback presentation compiler.
2026.05.01 19:00:35 WARN  no build target for: C:\Users\gujar\OneDrive\Documents\Java\linked_list\doubley_linked_list.java
May 01, 2026 7:00:36 PM org.eclipse.lsp4j.jsonrpc.RemoteEndpoint handleCancellation
WARNING: Unmatched cancel notification for request id 45
2026.05.01 19:00:36 INFO  no build target found for C:\Users\gujar\OneDrive\Documents\Java\linked_list\doubley_linked_list.java. Using fallback presentation compiler.
2026.05.01 19:00:36 INFO  no build target found for C:\Users\gujar\OneDrive\Documents\Java\linked_list\doubley_linked_list.java. Using fallback presentation compiler.
May 01, 2026 7:00:37 PM org.eclipse.lsp4j.jsonrpc.RemoteEndpoint handleCancellation
WARNING: Unmatched cancel notification for request id 50
May 01, 2026 7:00:38 PM org.eclipse.lsp4j.jsonrpc.RemoteEndpoint handleCancellation
WARNING: Unmatched cancel notification for request id 51
2026.05.01 19:00:38 INFO  no build target found for C:\Users\gujar\OneDrive\Documents\Java\linked_list\doubley_linked_list.java. Using fallback presentation compiler.
May 01, 2026 7:00:38 PM org.eclipse.lsp4j.jsonrpc.RemoteEndpoint handleCancellation
WARNING: Unmatched cancel notification for request id 47
2026.05.01 19:00:38 INFO  no build target found for C:\Users\gujar\OneDrive\Documents\Java\linked_list\doubley_linked_list.java. Using fallback presentation compiler.
2026.05.01 19:00:38 INFO  no build target found for C:\Users\gujar\OneDrive\Documents\Java\linked_list\doubley_linked_list.java. Using fallback presentation compiler.
May 01, 2026 7:00:39 PM org.eclipse.lsp4j.jsonrpc.RemoteEndpoint handleCancellation
WARNING: Unmatched cancel notification for request id 56
2026.05.01 19:00:39 INFO  no build target found for C:\Users\gujar\OneDrive\Documents\Java\linked_list\doubley_linked_list.java. Using fallback presentation compiler.
2026.05.01 19:00:39 INFO  time: code lens generation in 2.87s
2026.05.01 19:00:39 INFO  no build target found for C:\Users\gujar\OneDrive\Documents\Java\linked_list\doubley_linked_list.java. Using fallback presentation compiler.
May 01, 2026 7:00:39 PM org.eclipse.lsp4j.jsonrpc.RemoteEndpoint handleCancellation
WARNING: Unmatched cancel notification for request id 63
2026.05.01 19:00:39 INFO  no build target found for C:\Users\gujar\OneDrive\Documents\Java\linked_list\doubley_linked_list.java. Using fallback presentation compiler.
2026.05.01 19:00:39 WARN  no build target for: C:\Users\gujar\OneDrive\Documents\Java\linked_list\doubley_linked_list.java
2026.05.01 19:00:39 WARN  Running javac-semanticdb failed for file:///C:/Users/gujar/OneDrive/Documents/Java/linked_list/creating_linked_list.java. Output:

2026.05.01 19:00:39 INFO  time: code lens generation in 3.8s
2026.05.01 19:00:40 INFO  time: code lens generation in 8.54s
2026.05.01 19:00:40 INFO  time: code lens generation in 7.69s
2026.05.01 19:00:40 INFO  time: code lens generation in 10s
2026.05.01 19:00:40 INFO  time: code lens generation in 1.57s
2026.05.01 19:00:40 INFO  time: code lens generation in 7.29s
2026.05.01 19:00:40 INFO  time: code lens generation in 1.32s
2026.05.01 19:00:41 INFO  no build target found for C:\Users\gujar\OneDrive\Documents\Java\linked_list\doubley_linked_list.java. Using fallback presentation compiler.
2026.05.01 19:00:43 INFO  no build target found for C:\Users\gujar\OneDrive\Documents\Java\linked_list\doubley_linked_list.java. Using fallback presentation compiler.
2026.05.01 19:00:43 INFO  no build target found for C:\Users\gujar\OneDrive\Documents\Java\linked_list\doubley_linked_list.java. Using fallback presentation compiler.
2026.05.01 19:00:43 INFO  no build target found for C:\Users\gujar\OneDrive\Documents\Java\linked_list\doubley_linked_list.java. Using fallback presentation compiler.
2026.05.01 19:00:43 INFO  no build target found for C:\Users\gujar\OneDrive\Documents\Java\linked_list\doubley_linked_list.java. Using fallback presentation compiler.
2026.05.01 19:00:43 INFO  no build target found for C:\Users\gujar\OneDrive\Documents\Java\linked_list\doubley_linked_list.java. Using fallback presentation compiler.
2026.05.01 19:00:44 INFO  no build target found for C:\Users\gujar\OneDrive\Documents\Java\linked_list\doubley_linked_list.java. Using fallback presentation compiler.
2026.05.01 19:00:43 INFO  no build target found for C:\Users\gujar\OneDrive\Documents\Java\linked_list\doubley_linked_list.java. Using fallback presentation compiler.
2026.05.01 19:00:43 INFO  no build target found for C:\Users\gujar\OneDrive\Documents\Java\linked_list\doubley_linked_list.java. Using fallback presentation compiler.
2026.05.01 19:00:43 INFO  no build target found for C:\Users\gujar\OneDrive\Documents\Java\linked_list\doubley_linked_list.java. Using fallback presentation compiler.
2026.05.01 19:00:44 INFO  no build target found for C:\Users\gujar\OneDrive\Documents\Java\linked_list\doubley_linked_list.java. Using fallback presentation compiler.
2026.05.01 19:00:44 INFO  no build target found for C:\Users\gujar\OneDrive\Documents\Java\linked_list\doubley_linked_list.java. Using fallback presentation compiler.
2026.05.01 19:00:44 INFO  no build target found for C:\Users\gujar\OneDrive\Documents\Java\linked_list\doubley_linked_list.java. Using fallback presentation compiler.
2026.05.01 19:00:45 INFO  no build target found for C:\Users\gujar\OneDrive\Documents\Java\linked_list\doubley_linked_list.java. Using fallback presentation compiler.
2026.05.01 19:00:44 INFO  no build target found for C:\Users\gujar\OneDrive\Documents\Java\linked_list\doubley_linked_list.java. Using fallback presentation compiler.
2026.05.01 19:00:44 INFO  no build target found for C:\Users\gujar\OneDrive\Documents\Java\linked_list\doubley_linked_list.java. Using fallback presentation compiler.
2026.05.01 19:00:45 INFO  no build target found for C:\Users\gujar\OneDrive\Documents\Java\linked_list\doubley_linked_list.java. Using fallback presentation compiler.
2026.05.01 19:00:46 INFO  no build target found for C:\Users\gujar\OneDrive\Documents\Java\linked_list\doubley_linked_list.java. Using fallback presentation compiler.
2026.05.01 19:00:46 WARN  no build target for: C:\Users\gujar\OneDrive\Documents\Java\linked_list\doubley_linked_list.java
2026.05.01 19:00:46 INFO  no build target found for C:\Users\gujar\OneDrive\Documents\Java\linked_list\doubley_linked_list.java. Using fallback presentation compiler.
2026.05.01 19:00:46 WARN  Running javac-semanticdb failed for file:///C:/Users/gujar/OneDrive/Documents/Java/linked_list/doubley_linked_list.java. Output:

2026.05.01 19:00:47 INFO  no build target found for C:\Users\gujar\OneDrive\Documents\Java\linked_list\doubley_linked_list.java. Using fallback presentation compiler.
2026.05.01 19:00:47 INFO  no build target found for C:\Users\gujar\OneDrive\Documents\Java\linked_list\doubley_linked_list.java. Using fallback presentation compiler.
2026.05.01 19:00:48 INFO  no build target found for C:\Users\gujar\OneDrive\Documents\Java\linked_list\doubley_linked_list.java. Using fallback presentation compiler.
2026.05.01 19:00:48 WARN  no build target for: C:\Users\gujar\OneDrive\Documents\Java\linked_list\doubley_linked_list.java
2026.05.01 19:00:48 INFO  no build target found for C:\Users\gujar\OneDrive\Documents\Java\linked_list\doubley_linked_list.java. Using fallback presentation compiler.
2026.05.01 19:00:48 WARN  Running javac-semanticdb failed for file:///C:/Users/gujar/OneDrive/Documents/Java/linked_list/doubley_linked_list.java. Output:

2026.05.01 19:00:49 INFO  no build target found for C:\Users\gujar\OneDrive\Documents\Java\linked_list\doubley_linked_list.java. Using fallback presentation compiler.
2026.05.01 19:00:49 INFO  no build target found for C:\Users\gujar\OneDrive\Documents\Java\linked_list\doubley_linked_list.java. Using fallback presentation compiler.
2026.05.01 19:00:49 INFO  no build target found for C:\Users\gujar\OneDrive\Documents\Java\linked_list\doubley_linked_list.java. Using fallback presentation compiler.
2026.05.01 19:00:49 INFO  no build target found for C:\Users\gujar\OneDrive\Documents\Java\linked_list\doubley_linked_list.java. Using fallback presentation compiler.
2026.05.01 19:00:49 INFO  no build target found for C:\Users\gujar\OneDrive\Documents\Java\linked_list\doubley_linked_list.java. Using fallback presentation compiler.
2026.05.01 19:00:49 INFO  no build target found for C:\Users\gujar\OneDrive\Documents\Java\linked_list\doubley_linked_list.java. Using fallback presentation compiler.
2026.05.01 19:00:49 INFO  no build target found for C:\Users\gujar\OneDrive\Documents\Java\linked_list\doubley_linked_list.java. Using fallback presentation compiler.
2026.05.01 19:00:49 INFO  no build target found for C:\Users\gujar\OneDrive\Documents\Java\linked_list\doubley_linked_list.java. Using fallback presentation compiler.
2026.05.01 19:00:50 WARN  no build target for: C:\Users\gujar\OneDrive\Documents\Java\linked_list\doubley_linked_list.java
2026.05.01 19:00:50 INFO  no build target found for C:\Users\gujar\OneDrive\Documents\Java\linked_list\doubley_linked_list.java. Using fallback presentation compiler.
2026.05.01 19:00:50 WARN  Running javac-semanticdb failed for file:///C:/Users/gujar/OneDrive/Documents/Java/linked_list/doubley_linked_list.java. Output:

2026.05.01 19:00:52 INFO  no build target found for C:\Users\gujar\OneDrive\Documents\Java\linked_list\doubley_linked_list.java. Using fallback presentation compiler.
2026.05.01 19:00:52 INFO  no build target found for C:\Users\gujar\OneDrive\Documents\Java\linked_list\doubley_linked_list.java. Using fallback presentation compiler.
2026.05.01 19:00:56 INFO  no build target found for C:\Users\gujar\OneDrive\Documents\Java\linked_list\doubley_linked_list.java. Using fallback presentation compiler.
2026.05.01 19:00:58 INFO  no build target found for C:\Users\gujar\OneDrive\Documents\Java\linked_list\doubley_linked_list.java. Using fallback presentation compiler.
2026.05.01 19:00:58 INFO  no build target found for C:\Users\gujar\OneDrive\Documents\Java\linked_list\doubley_linked_list.java. Using fallback presentation compiler.
2026.05.01 19:00:58 INFO  no build target found for C:\Users\gujar\OneDrive\Documents\Java\linked_list\doubley_linked_list.java. Using fallback presentation compiler.
2026.05.01 19:00:58 INFO  no build target found for C:\Users\gujar\OneDrive\Documents\Java\linked_list\doubley_linked_list.java. Using fallback presentation compiler.
2026.05.01 19:00:58 INFO  no build target found for C:\Users\gujar\OneDrive\Documents\Java\linked_list\doubley_linked_list.java. Using fallback presentation compiler.
2026.05.01 19:00:58 INFO  no build target found for C:\Users\gujar\OneDrive\Documents\Java\linked_list\doubley_linked_list.java. Using fallback presentation compiler.
2026.05.01 19:00:58 INFO  no build target found for C:\Users\gujar\OneDrive\Documents\Java\linked_list\doubley_linked_list.java. Using fallback presentation compiler.
2026.05.01 19:00:59 INFO  no build target found for C:\Users\gujar\OneDrive\Documents\Java\linked_list\doubley_linked_list.java. Using fallback presentation compiler.
2026.05.01 19:00:59 INFO  no build target found for C:\Users\gujar\OneDrive\Documents\Java\linked_list\doubley_linked_list.java. Using fallback presentation compiler.
2026.05.01 19:00:58 INFO  no build target found for C:\Users\gujar\OneDrive\Documents\Java\linked_list\doubley_linked_list.java. Using fallback presentation compiler.
2026.05.01 19:00:59 INFO  no build target found for C:\Users\gujar\OneDrive\Documents\Java\linked_list\doubley_linked_list.java. Using fallback presentation compiler.
2026.05.01 19:00:59 INFO  no build target found for C:\Users\gujar\OneDrive\Documents\Java\linked_list\doubley_linked_list.java. Using fallback presentation compiler.
2026.05.01 19:00:59 INFO  no build target found for C:\Users\gujar\OneDrive\Documents\Java\linked_list\doubley_linked_list.java. Using fallback presentation compiler.
2026.05.01 19:01:00 WARN  Running javac-semanticdb failed for file:///C:/Users/gujar/OneDrive/Documents/Java/linked_list/doubley_linked_list.java. Output:

2026.05.01 19:01:00 WARN  no build target for: C:\Users\gujar\OneDrive\Documents\Java\linked_list\doubley_linked_list.java
2026.05.01 19:01:00 INFO  no build target found for C:\Users\gujar\OneDrive\Documents\Java\linked_list\doubley_linked_list.java. Using fallback presentation compiler.
2026.05.01 19:01:02 INFO  no build target found for C:\Users\gujar\OneDrive\Documents\Java\linked_list\doubley_linked_list.java. Using fallback presentation compiler.
2026.05.01 19:01:05 INFO  no build target found for C:\Users\gujar\OneDrive\Documents\Java\linked_list\doubley_linked_list.java. Using fallback presentation compiler.
2026.05.01 19:01:06 INFO  no build target found for C:\Users\gujar\OneDrive\Documents\Java\linked_list\doubley_linked_list.java. Using fallback presentation compiler.
2026.05.01 19:01:13 INFO  no build target found for C:\Users\gujar\OneDrive\Documents\Java\linked_list\doubley_linked_list.java. Using fallback presentation compiler.
2026.05.01 19:01:13 INFO  no build target found for C:\Users\gujar\OneDrive\Documents\Java\linked_list\doubley_linked_list.java. Using fallback presentation compiler.
2026.05.01 19:01:13 WARN  Running javac-semanticdb failed for file:///C:/Users/gujar/OneDrive/Documents/Java/linked_list/doubley_linked_list.java. Output:

2026.05.01 19:01:13 INFO  no build target found for C:\Users\gujar\OneDrive\Documents\Java\linked_list\doubley_linked_list.java. Using fallback presentation compiler.
2026.05.01 19:01:13 INFO  no build target found for C:\Users\gujar\OneDrive\Documents\Java\linked_list\doubley_linked_list.java. Using fallback presentation compiler.
2026.05.01 19:01:14 INFO  no build target found for C:\Users\gujar\OneDrive\Documents\Java\linked_list\doubley_linked_list.java. Using fallback presentation compiler.
2026.05.01 19:01:14 WARN  Running javac-semanticdb failed for file:///C:/Users/gujar/OneDrive/Documents/Java/linked_list/doubley_linked_list.java. Output:

2026.05.01 19:01:14 WARN  no build target for: C:\Users\gujar\OneDrive\Documents\Java\linked_list\doubley_linked_list.java
2026.05.01 19:01:14 INFO  no build target found for C:\Users\gujar\OneDrive\Documents\Java\linked_list\doubley_linked_list.java. Using fallback presentation compiler.
2026.05.01 19:01:15 INFO  no build target found for C:\Users\gujar\OneDrive\Documents\Java\linked_list\doubley_linked_list.java. Using fallback presentation compiler.
2026.05.01 19:01:21 INFO  no build target found for C:\Users\gujar\OneDrive\Documents\Java\linked_list\doubley_linked_list.java. Using fallback presentation compiler.
2026.05.01 19:01:21 INFO  no build target found for C:\Users\gujar\OneDrive\Documents\Java\linked_list\doubley_linked_list.java. Using fallback presentation compiler.
2026.05.01 19:01:22 INFO  no build target found for C:\Users\gujar\OneDrive\Documents\Java\linked_list\doubley_linked_list.java. Using fallback presentation compiler.
2026.05.01 19:01:22 INFO  no build target found for C:\Users\gujar\OneDrive\Documents\Java\linked_list\doubley_linked_list.java. Using fallback presentation compiler.
2026.05.01 19:01:23 INFO  no build target found for C:\Users\gujar\OneDrive\Documents\Java\linked_list\doubley_linked_list.java. Using fallback presentation compiler.
2026.05.01 19:01:23 WARN  Running javac-semanticdb failed for file:///C:/Users/gujar/OneDrive/Documents/Java/linked_list/doubley_linked_list.java. Output:

2026.05.01 19:01:23 INFO  no build target found for C:\Users\gujar\OneDrive\Documents\Java\linked_list\doubley_linked_list.java. Using fallback presentation compiler.
2026.05.01 19:01:23 INFO  no build target found for C:\Users\gujar\OneDrive\Documents\Java\linked_list\doubley_linked_list.java. Using fallback presentation compiler.
2026.05.01 19:01:23 INFO  no build target found for C:\Users\gujar\OneDrive\Documents\Java\linked_list\doubley_linked_list.java. Using fallback presentation compiler.
2026.05.01 19:01:23 INFO  no build target found for C:\Users\gujar\OneDrive\Documents\Java\linked_list\doubley_linked_list.java. Using fallback presentation compiler.
2026.05.01 19:01:23 WARN  Running javac-semanticdb failed for file:///C:/Users/gujar/OneDrive/Documents/Java/linked_list/doubley_linked_list.java. Output:

2026.05.01 19:01:23 INFO  no build target found for C:\Users\gujar\OneDrive\Documents\Java\linked_list\doubley_linked_list.java. Using fallback presentation compiler.
2026.05.01 19:01:23 INFO  no build target found for C:\Users\gujar\OneDrive\Documents\Java\linked_list\doubley_linked_list.java. Using fallback presentation compiler.
2026.05.01 19:01:23 INFO  no build target found for C:\Users\gujar\OneDrive\Documents\Java\linked_list\doubley_linked_list.java. Using fallback presentation compiler.
2026.05.01 19:01:23 INFO  no build target found for C:\Users\gujar\OneDrive\Documents\Java\linked_list\doubley_linked_list.java. Using fallback presentation compiler.
2026.05.01 19:01:23 INFO  no build target found for C:\Users\gujar\OneDrive\Documents\Java\linked_list\doubley_linked_list.java. Using fallback presentation compiler.
2026.05.01 19:01:24 WARN  Running javac-semanticdb failed for file:///C:/Users/gujar/OneDrive/Documents/Java/linked_list/doubley_linked_list.java. Output:

2026.05.01 19:01:24 INFO  no build target found for C:\Users\gujar\OneDrive\Documents\Java\linked_list\doubley_linked_list.java. Using fallback presentation compiler.
2026.05.01 19:01:24 INFO  no build target found for C:\Users\gujar\OneDrive\Documents\Java\linked_list\doubley_linked_list.java. Using fallback presentation compiler.
2026.05.01 19:01:24 INFO  no build target found for C:\Users\gujar\OneDrive\Documents\Java\linked_list\doubley_linked_list.java. Using fallback presentation compiler.
2026.05.01 19:01:24 WARN  Running javac-semanticdb failed for file:///C:/Users/gujar/OneDrive/Documents/Java/linked_list/doubley_linked_list.java. Output:

2026.05.01 19:01:25 WARN  no build target for: C:\Users\gujar\OneDrive\Documents\Java\linked_list\doubley_linked_list.java
2026.05.01 19:01:25 INFO  no build target found for C:\Users\gujar\OneDrive\Documents\Java\linked_list\doubley_linked_list.java. Using fallback presentation compiler.
2026.05.01 19:01:25 INFO  no build target found for C:\Users\gujar\OneDrive\Documents\Java\linked_list\doubley_linked_list.java. Using fallback presentation compiler.
2026.05.01 19:01:25 INFO  no build target found for C:\Users\gujar\OneDrive\Documents\Java\linked_list\doubley_linked_list.java. Using fallback presentation compiler.
2026.05.01 19:01:25 INFO  no build target found for C:\Users\gujar\OneDrive\Documents\Java\linked_list\doubley_linked_list.java. Using fallback presentation compiler.
2026.05.01 19:01:25 INFO  no build target found for C:\Users\gujar\OneDrive\Documents\Java\linked_list\doubley_linked_list.java. Using fallback presentation compiler.
2026.05.01 19:01:25 INFO  no build target found for C:\Users\gujar\OneDrive\Documents\Java\linked_list\doubley_linked_list.java. Using fallback presentation compiler.
2026.05.01 19:01:26 WARN  Running javac-semanticdb failed for file:///C:/Users/gujar/OneDrive/Documents/Java/linked_list/doubley_linked_list.java. Output:

2026.05.01 19:01:25 INFO  no build target found for C:\Users\gujar\OneDrive\Documents\Java\linked_list\doubley_linked_list.java. Using fallback presentation compiler.
2026.05.01 19:01:26 INFO  no build target found for C:\Users\gujar\OneDrive\Documents\Java\linked_list\doubley_linked_list.java. Using fallback presentation compiler.
2026.05.01 19:01:25 INFO  no build target found for C:\Users\gujar\OneDrive\Documents\Java\linked_list\doubley_linked_list.java. Using fallback presentation compiler.
2026.05.01 19:01:25 INFO  no build target found for C:\Users\gujar\OneDrive\Documents\Java\linked_list\doubley_linked_list.java. Using fallback presentation compiler.
2026.05.01 19:01:26 INFO  no build target found for C:\Users\gujar\OneDrive\Documents\Java\linked_list\doubley_linked_list.java. Using fallback presentation compiler.
2026.05.01 19:01:27 INFO  no build target found for C:\Users\gujar\OneDrive\Documents\Java\linked_list\doubley_linked_list.java. Using fallback presentation compiler.
2026.05.01 19:01:27 INFO  no build target found for C:\Users\gujar\OneDrive\Documents\Java\linked_list\doubley_linked_list.java. Using fallback presentation compiler.
2026.05.01 19:01:27 INFO  no build target found for C:\Users\gujar\OneDrive\Documents\Java\linked_list\doubley_linked_list.java. Using fallback presentation compiler.
2026.05.01 19:01:27 INFO  no build target found for C:\Users\gujar\OneDrive\Documents\Java\linked_list\doubley_linked_list.java. Using fallback presentation compiler.
2026.05.01 19:01:27 WARN  Running javac-semanticdb failed for file:///C:/Users/gujar/OneDrive/Documents/Java/linked_list/doubley_linked_list.java. Output:

2026.05.01 19:01:27 INFO  no build target found for C:\Users\gujar\OneDrive\Documents\Java\linked_list\doubley_linked_list.java. Using fallback presentation compiler.
2026.05.01 19:01:28 WARN  no build target for: C:\Users\gujar\OneDrive\Documents\Java\linked_list\doubley_linked_list.java
2026.05.01 19:01:28 INFO  no build target found for C:\Users\gujar\OneDrive\Documents\Java\linked_list\doubley_linked_list.java. Using fallback presentation compiler.
2026.05.01 19:01:28 INFO  no build target found for C:\Users\gujar\OneDrive\Documents\Java\linked_list\doubley_linked_list.java. Using fallback presentation compiler.
2026.05.01 19:01:28 INFO  no build target found for C:\Users\gujar\OneDrive\Documents\Java\linked_list\doubley_linked_list.java. Using fallback presentation compiler.
2026.05.01 19:01:28 WARN  Running javac-semanticdb failed for file:///C:/Users/gujar/OneDrive/Documents/Java/linked_list/doubley_linked_list.java. Output:

2026.05.01 19:01:28 INFO  no build target found for C:\Users\gujar\OneDrive\Documents\Java\linked_list\doubley_linked_list.java. Using fallback presentation compiler.
2026.05.01 19:01:28 WARN  no build target for: C:\Users\gujar\OneDrive\Documents\Java\linked_list\doubley_linked_list.java
2026.05.01 19:01:29 INFO  no build target found for C:\Users\gujar\OneDrive\Documents\Java\linked_list\doubley_linked_list.java. Using fallback presentation compiler.
2026.05.01 19:01:29 INFO  no build target found for C:\Users\gujar\OneDrive\Documents\Java\linked_list\doubley_linked_list.java. Using fallback presentation compiler.
2026.05.01 19:01:33 INFO  no build target found for C:\Users\gujar\OneDrive\Documents\Java\linked_list\doubley_linked_list.java. Using fallback presentation compiler.
2026.05.01 19:01:51 INFO  no build target found for C:\Users\gujar\OneDrive\Documents\Java\linked_list\doubley_linked_list.java. Using fallback presentation compiler.
2026.05.01 19:01:51 INFO  no build target found for C:\Users\gujar\OneDrive\Documents\Java\linked_list\doubley_linked_list.java. Using fallback presentation compiler.
2026.05.01 19:01:52 WARN  no build target for: C:\Users\gujar\OneDrive\Documents\Java\linked_list\doubley_linked_list.java
2026.05.01 19:01:52 INFO  no build target found for C:\Users\gujar\OneDrive\Documents\Java\linked_list\doubley_linked_list.java. Using fallback presentation compiler.
2026.05.01 19:01:52 INFO  no build target found for C:\Users\gujar\OneDrive\Documents\Java\linked_list\doubley_linked_list.java. Using fallback presentation compiler.
2026.05.01 19:01:52 INFO  no build target found for C:\Users\gujar\OneDrive\Documents\Java\linked_list\doubley_linked_list.java. Using fallback presentation compiler.
2026.05.01 19:01:52 INFO  no build target found for C:\Users\gujar\OneDrive\Documents\Java\linked_list\doubley_linked_list.java. Using fallback presentation compiler.
2026.05.01 19:01:52 INFO  no build target found for C:\Users\gujar\OneDrive\Documents\Java\linked_list\doubley_linked_list.java. Using fallback presentation compiler.
2026.05.01 19:01:53 INFO  no build target found for C:\Users\gujar\OneDrive\Documents\Java\linked_list\doubley_linked_list.java. Using fallback presentation compiler.
2026.05.01 19:01:52 INFO  no build target found for C:\Users\gujar\OneDrive\Documents\Java\linked_list\doubley_linked_list.java. Using fallback presentation compiler.
2026.05.01 19:01:52 INFO  no build target found for C:\Users\gujar\OneDrive\Documents\Java\linked_list\doubley_linked_list.java. Using fallback presentation compiler.
2026.05.01 19:01:53 INFO  no build target found for C:\Users\gujar\OneDrive\Documents\Java\linked_list\doubley_linked_list.java. Using fallback presentation compiler.
2026.05.01 19:01:54 INFO  no build target found for C:\Users\gujar\OneDrive\Documents\Java\linked_list\doubley_linked_list.java. Using fallback presentation compiler.
2026.05.01 19:01:54 WARN  no build target for: C:\Users\gujar\OneDrive\Documents\Java\linked_list\doubley_linked_list.java
2026.05.01 19:01:54 INFO  no build target found for C:\Users\gujar\OneDrive\Documents\Java\linked_list\doubley_linked_list.java. Using fallback presentation compiler.
2026.05.01 19:01:54 INFO  no build target found for C:\Users\gujar\OneDrive\Documents\Java\linked_list\doubley_linked_list.java. Using fallback presentation compiler.
2026.05.01 19:01:54 INFO  no build target found for C:\Users\gujar\OneDrive\Documents\Java\linked_list\doubley_linked_list.java. Using fallback presentation compiler.
2026.05.01 19:01:54 INFO  no build target found for C:\Users\gujar\OneDrive\Documents\Java\linked_list\doubley_linked_list.java. Using fallback presentation compiler.
2026.05.01 19:01:54 WARN  Running javac-semanticdb failed for file:///C:/Users/gujar/OneDrive/Documents/Java/linked_list/doubley_linked_list.java. Output:

2026.05.01 19:01:54 INFO  no build target found for C:\Users\gujar\OneDrive\Documents\Java\linked_list\doubley_linked_list.java. Using fallback presentation compiler.
2026.05.01 19:01:55 INFO  no build target found for C:\Users\gujar\OneDrive\Documents\Java\linked_list\doubley_linked_list.java. Using fallback presentation compiler.
2026.05.01 19:01:55 INFO  no build target found for C:\Users\gujar\OneDrive\Documents\Java\linked_list\doubley_linked_list.java. Using fallback presentation compiler.
2026.05.01 19:01:55 INFO  no build target found for C:\Users\gujar\OneDrive\Documents\Java\linked_list\doubley_linked_list.java. Using fallback presentation compiler.
2026.05.01 19:01:55 INFO  no build target found for C:\Users\gujar\OneDrive\Documents\Java\linked_list\doubley_linked_list.java. Using fallback presentation compiler.
2026.05.01 19:01:55 INFO  no build target found for C:\Users\gujar\OneDrive\Documents\Java\linked_list\doubley_linked_list.java. Using fallback presentation compiler.
2026.05.01 19:01:55 INFO  no build target found for C:\Users\gujar\OneDrive\Documents\Java\linked_list\doubley_linked_list.java. Using fallback presentation compiler.
2026.05.01 19:01:55 WARN  Running javac-semanticdb failed for file:///C:/Users/gujar/OneDrive/Documents/Java/linked_list/doubley_linked_list.java. Output:

2026.05.01 19:01:55 INFO  no build target found for C:\Users\gujar\OneDrive\Documents\Java\linked_list\doubley_linked_list.java. Using fallback presentation compiler.
2026.05.01 19:01:55 INFO  no build target found for C:\Users\gujar\OneDrive\Documents\Java\linked_list\doubley_linked_list.java. Using fallback presentation compiler.
2026.05.01 19:01:55 INFO  no build target found for C:\Users\gujar\OneDrive\Documents\Java\linked_list\doubley_linked_list.java. Using fallback presentation compiler.
2026.05.01 19:01:56 WARN  Running javac-semanticdb failed for file:///C:/Users/gujar/OneDrive/Documents/Java/linked_list/doubley_linked_list.java. Output:

2026.05.01 19:01:56 INFO  no build target found for C:\Users\gujar\OneDrive\Documents\Java\linked_list\doubley_linked_list.java. Using fallback presentation compiler.
2026.05.01 19:01:56 INFO  no build target found for C:\Users\gujar\OneDrive\Documents\Java\linked_list\doubley_linked_list.java. Using fallback presentation compiler.
2026.05.01 19:01:56 WARN  no build target for: C:\Users\gujar\OneDrive\Documents\Java\linked_list\doubley_linked_list.java
2026.05.01 19:01:56 INFO  no build target found for C:\Users\gujar\OneDrive\Documents\Java\linked_list\doubley_linked_list.java. Using fallback presentation compiler.
2026.05.01 19:01:56 INFO  no build target found for C:\Users\gujar\OneDrive\Documents\Java\linked_list\doubley_linked_list.java. Using fallback presentation compiler.
2026.05.01 19:01:56 INFO  no build target found for C:\Users\gujar\OneDrive\Documents\Java\linked_list\doubley_linked_list.java. Using fallback presentation compiler.
2026.05.01 19:01:57 INFO  no build target found for C:\Users\gujar\OneDrive\Documents\Java\linked_list\doubley_linked_list.java. Using fallback presentation compiler.
2026.05.01 19:01:57 WARN  Running javac-semanticdb failed for file:///C:/Users/gujar/OneDrive/Documents/Java/linked_list/doubley_linked_list.java. Output:

2026.05.01 19:01:56 INFO  no build target found for C:\Users\gujar\OneDrive\Documents\Java\linked_list\doubley_linked_list.java. Using fallback presentation compiler.
2026.05.01 19:01:56 INFO  no build target found for C:\Users\gujar\OneDrive\Documents\Java\linked_list\doubley_linked_list.java. Using fallback presentation compiler.
2026.05.01 19:01:57 INFO  no build target found for C:\Users\gujar\OneDrive\Documents\Java\linked_list\doubley_linked_list.java. Using fallback presentation compiler.
2026.05.01 19:01:57 WARN  Running javac-semanticdb failed for file:///C:/Users/gujar/OneDrive/Documents/Java/linked_list/doubley_linked_list.java. Output:

2026.05.01 19:01:57 INFO  no build target found for C:\Users\gujar\OneDrive\Documents\Java\linked_list\doubley_linked_list.java. Using fallback presentation compiler.
2026.05.01 19:01:57 INFO  no build target found for C:\Users\gujar\OneDrive\Documents\Java\linked_list\doubley_linked_list.java. Using fallback presentation compiler.
2026.05.01 19:01:57 INFO  no build target found for C:\Users\gujar\OneDrive\Documents\Java\linked_list\doubley_linked_list.java. Using fallback presentation compiler.
2026.05.01 19:01:57 INFO  no build target found for C:\Users\gujar\OneDrive\Documents\Java\linked_list\doubley_linked_list.java. Using fallback presentation compiler.
2026.05.01 19:01:57 INFO  no build target found for C:\Users\gujar\OneDrive\Documents\Java\linked_list\doubley_linked_list.java. Using fallback presentation compiler.
May 01, 2026 7:01:58 PM org.eclipse.lsp4j.jsonrpc.RemoteEndpoint handleCancellation
WARNING: Unmatched cancel notification for request id 279
2026.05.01 19:01:58 WARN  Running javac-semanticdb failed for file:///C:/Users/gujar/OneDrive/Documents/Java/linked_list/doubley_linked_list.java. Output:

2026.05.01 19:01:57 INFO  no build target found for C:\Users\gujar\OneDrive\Documents\Java\linked_list\doubley_linked_list.java. Using fallback presentation compiler.
2026.05.01 19:01:57 INFO  no build target found for C:\Users\gujar\OneDrive\Documents\Java\linked_list\doubley_linked_list.java. Using fallback presentation compiler.
2026.05.01 19:01:58 WARN  Running javac-semanticdb failed for file:///C:/Users/gujar/OneDrive/Documents/Java/linked_list/doubley_linked_list.java. Output:

2026.05.01 19:01:58 INFO  no build target found for C:\Users\gujar\OneDrive\Documents\Java\linked_list\doubley_linked_list.java. Using fallback presentation compiler.
2026.05.01 19:01:59 INFO  no build target found for C:\Users\gujar\OneDrive\Documents\Java\linked_list\doubley_linked_list.java. Using fallback presentation compiler.
2026.05.01 19:01:59 INFO  no build target found for C:\Users\gujar\OneDrive\Documents\Java\linked_list\doubley_linked_list.java. Using fallback presentation compiler.
2026.05.01 19:01:59 INFO  no build target found for C:\Users\gujar\OneDrive\Documents\Java\linked_list\doubley_linked_list.java. Using fallback presentation compiler.
2026.05.01 19:01:58 WARN  Running javac-semanticdb failed for file:///C:/Users/gujar/OneDrive/Documents/Java/linked_list/doubley_linked_list.java. Output:

2026.05.01 19:01:59 INFO  no build target found for C:\Users\gujar\OneDrive\Documents\Java\linked_list\doubley_linked_list.java. Using fallback presentation compiler.
2026.05.01 19:01:59 INFO  no build target found for C:\Users\gujar\OneDrive\Documents\Java\linked_list\doubley_linked_list.java. Using fallback presentation compiler.
2026.05.01 19:02:00 WARN  no build target for: C:\Users\gujar\OneDrive\Documents\Java\linked_list\doubley_linked_list.java
2026.05.01 19:02:00 INFO  no build target found for C:\Users\gujar\OneDrive\Documents\Java\linked_list\doubley_linked_list.java. Using fallback presentation compiler.
2026.05.01 19:02:00 INFO  no build target found for C:\Users\gujar\OneDrive\Documents\Java\linked_list\creating_linked_list.java. Using fallback presentation compiler.
2026.05.01 19:02:00 WARN  no build target for: C:\Users\gujar\OneDrive\Documents\Java\linked_list\creating_linked_list.java
2026.05.01 19:02:00 INFO  no build target found for C:\Users\gujar\OneDrive\Documents\Java\linked_list\creating_linked_list.java. Using fallback presentation compiler.
2026.05.01 19:02:01 INFO  no build target found for C:\Users\gujar\OneDrive\Documents\Java\linked_list\creating_linked_list.java. Using fallback presentation compiler.
2026.05.01 19:02:00 INFO  no build target found for C:\Users\gujar\OneDrive\Documents\Java\linked_list\creating_linked_list.java. Using fallback presentation compiler.
2026.05.01 19:02:00 INFO  no build target found for C:\Users\gujar\OneDrive\Documents\Java\linked_list\creating_linked_list.java. Using fallback presentation compiler.
2026.05.01 19:02:02 INFO  no build target found for C:\Users\gujar\OneDrive\Documents\Java\linked_list\doubley_linked_list.java. Using fallback presentation compiler.
2026.05.01 19:02:02 WARN  no build target for: C:\Users\gujar\OneDrive\Documents\Java\linked_list\doubley_linked_list.java
2026.05.01 19:02:02 INFO  no build target found for C:\Users\gujar\OneDrive\Documents\Java\linked_list\doubley_linked_list.java. Using fallback presentation compiler.
2026.05.01 19:02:02 INFO  no build target found for C:\Users\gujar\OneDrive\Documents\Java\linked_list\doubley_linked_list.java. Using fallback presentation compiler.
2026.05.01 19:02:02 INFO  no build target found for C:\Users\gujar\OneDrive\Documents\Java\linked_list\doubley_linked_list.java. Using fallback presentation compiler.
2026.05.01 19:02:02 INFO  no build target found for C:\Users\gujar\OneDrive\Documents\Java\linked_list\doubley_linked_list.java. Using fallback presentation compiler.
2026.05.01 19:02:04 INFO  no build target found for C:\Users\gujar\OneDrive\Documents\Java\linked_list\doubley_linked_list.java. Using fallback presentation compiler.
2026.05.01 19:02:04 INFO  no build target found for C:\Users\gujar\OneDrive\Documents\Java\linked_list\doubley_linked_list.java. Using fallback presentation compiler.
2026.05.01 19:02:05 INFO  no build target found for C:\Users\gujar\OneDrive\Documents\Java\linked_list\doubley_linked_list.java. Using fallback presentation compiler.
2026.05.01 19:02:07 INFO  no build target found for C:\Users\gujar\OneDrive\Documents\Java\linked_list\doubley_linked_list.java. Using fallback presentation compiler.
2026.05.01 19:02:25 INFO  no build target found for C:\Users\gujar\OneDrive\Documents\Java\linked_list\doubley_linked_list.java. Using fallback presentation compiler.
2026.05.01 19:02:27 INFO  no build target found for C:\Users\gujar\OneDrive\Documents\Java\linked_list\doubley_linked_list.java. Using fallback presentation compiler.
2026.05.01 19:02:27 INFO  no build target found for C:\Users\gujar\OneDrive\Documents\Java\linked_list\doubley_linked_list.java. Using fallback presentation compiler.
2026.05.01 19:02:27 INFO  no build target found for C:\Users\gujar\OneDrive\Documents\Java\linked_list\doubley_linked_list.java. Using fallback presentation compiler.
2026.05.01 19:02:27 INFO  no build target found for C:\Users\gujar\OneDrive\Documents\Java\linked_list\doubley_linked_list.java. Using fallback presentation compiler.
2026.05.01 19:02:27 INFO  no build target found for C:\Users\gujar\OneDrive\Documents\Java\linked_list\doubley_linked_list.java. Using fallback presentation compiler.
2026.05.01 19:02:27 INFO  no build target found for C:\Users\gujar\OneDrive\Documents\Java\linked_list\doubley_linked_list.java. Using fallback presentation compiler.
2026.05.01 19:02:28 INFO  no build target found for C:\Users\gujar\OneDrive\Documents\Java\linked_list\doubley_linked_list.java. Using fallback presentation compiler.
2026.05.01 19:02:28 INFO  no build target found for C:\Users\gujar\OneDrive\Documents\Java\linked_list\doubley_linked_list.java. Using fallback presentation compiler.
2026.05.01 19:02:28 INFO  no build target found for C:\Users\gujar\OneDrive\Documents\Java\linked_list\doubley_linked_list.java. Using fallback presentation compiler.
2026.05.01 19:02:28 INFO  no build target found for C:\Users\gujar\OneDrive\Documents\Java\linked_list\doubley_linked_list.java. Using fallback presentation compiler.
2026.05.01 19:02:28 INFO  no build target found for C:\Users\gujar\OneDrive\Documents\Java\linked_list\doubley_linked_list.java. Using fallback presentation compiler.
2026.05.01 19:02:28 INFO  no build target found for C:\Users\gujar\OneDrive\Documents\Java\linked_list\doubley_linked_list.java. Using fallback presentation compiler.
2026.05.01 19:02:28 INFO  no build target found for C:\Users\gujar\OneDrive\Documents\Java\linked_list\doubley_linked_list.java. Using fallback presentation compiler.
2026.05.01 19:02:28 INFO  no build target found for C:\Users\gujar\OneDrive\Documents\Java\linked_list\doubley_linked_list.java. Using fallback presentation compiler.
2026.05.01 19:02:28 INFO  no build target found for C:\Users\gujar\OneDrive\Documents\Java\linked_list\doubley_linked_list.java. Using fallback presentation compiler.
2026.05.01 19:02:28 INFO  no build target found for C:\Users\gujar\OneDrive\Documents\Java\linked_list\doubley_linked_list.java. Using fallback presentation compiler.
2026.05.01 19:02:29 INFO  no build target found for C:\Users\gujar\OneDrive\Documents\Java\linked_list\doubley_linked_list.java. Using fallback presentation compiler.
2026.05.01 19:02:29 INFO  no build target found for C:\Users\gujar\OneDrive\Documents\Java\linked_list\doubley_linked_list.java. Using fallback presentation compiler.
2026.05.01 19:02:29 INFO  no build target found for C:\Users\gujar\OneDrive\Documents\Java\linked_list\doubley_linked_list.java. Using fallback presentation compiler.
2026.05.01 19:02:29 INFO  no build target found for C:\Users\gujar\OneDrive\Documents\Java\linked_list\doubley_linked_list.java. Using fallback presentation compiler.
2026.05.01 19:02:29 INFO  no build target found for C:\Users\gujar\OneDrive\Documents\Java\linked_list\doubley_linked_list.java. Using fallback presentation compiler.
2026.05.01 19:02:29 INFO  no build target found for C:\Users\gujar\OneDrive\Documents\Java\linked_list\doubley_linked_list.java. Using fallback presentation compiler.
2026.05.01 19:02:29 INFO  no build target found for C:\Users\gujar\OneDrive\Documents\Java\linked_list\doubley_linked_list.java. Using fallback presentation compiler.
2026.05.01 19:02:29 INFO  no build target found for C:\Users\gujar\OneDrive\Documents\Java\linked_list\doubley_linked_list.java. Using fallback presentation compiler.
2026.05.01 19:02:29 INFO  no build target found for C:\Users\gujar\OneDrive\Documents\Java\linked_list\doubley_linked_list.java. Using fallback presentation compiler.
2026.05.01 19:02:30 INFO  no build target found for C:\Users\gujar\OneDrive\Documents\Java\linked_list\doubley_linked_list.java. Using fallback presentation compiler.
2026.05.01 19:02:30 INFO  no build target found for C:\Users\gujar\OneDrive\Documents\Java\linked_list\doubley_linked_list.java. Using fallback presentation compiler.
2026.05.01 19:02:30 INFO  no build target found for C:\Users\gujar\OneDrive\Documents\Java\linked_list\doubley_linked_list.java. Using fallback presentation compiler.
2026.05.01 19:02:30 INFO  no build target found for C:\Users\gujar\OneDrive\Documents\Java\linked_list\doubley_linked_list.java. Using fallback presentation compiler.
2026.05.01 19:02:30 INFO  no build target found for C:\Users\gujar\OneDrive\Documents\Java\linked_list\doubley_linked_list.java. Using fallback presentation compiler.
2026.05.01 19:02:30 INFO  no build target found for C:\Users\gujar\OneDrive\Documents\Java\linked_list\doubley_linked_list.java. Using fallback presentation compiler.
2026.05.01 19:02:31 INFO  no build target found for C:\Users\gujar\OneDrive\Documents\Java\linked_list\doubley_linked_list.java. Using fallback presentation compiler.
2026.05.01 19:02:31 INFO  no build target found for C:\Users\gujar\OneDrive\Documents\Java\linked_list\doubley_linked_list.java. Using fallback presentation compiler.
May 01, 2026 7:02:31 PM org.eclipse.lsp4j.jsonrpc.RemoteEndpoint handleCancellation
WARNING: Unmatched cancel notification for request id 375
2026.05.01 19:02:31 INFO  no build target found for C:\Users\gujar\OneDrive\Documents\Java\linked_list\doubley_linked_list.java. Using fallback presentation compiler.
2026.05.01 19:02:31 INFO  no build target found for C:\Users\gujar\OneDrive\Documents\Java\linked_list\doubley_linked_list.java. Using fallback presentation compiler.
2026.05.01 19:02:31 INFO  no build target found for C:\Users\gujar\OneDrive\Documents\Java\linked_list\doubley_linked_list.java. Using fallback presentation compiler.
2026.05.01 19:02:31 INFO  no build target found for C:\Users\gujar\OneDrive\Documents\Java\linked_list\doubley_linked_list.java. Using fallback presentation compiler.
2026.05.01 19:02:31 WARN  no build target for: C:\Users\gujar\OneDrive\Documents\Java\linked_list\doubley_linked_list.java
2026.05.01 19:02:32 INFO  no build target found for C:\Users\gujar\OneDrive\Documents\Java\linked_list\doubley_linked_list.java. Using fallback presentation compiler.
2026.05.01 19:02:33 INFO  no build target found for C:\Users\gujar\OneDrive\Documents\Java\linked_list\doubley_linked_list.java. Using fallback presentation compiler.
2026.05.01 19:02:33 INFO  no build target found for C:\Users\gujar\OneDrive\Documents\Java\linked_list\doubley_linked_list.java. Using fallback presentation compiler.
2026.05.01 19:02:33 INFO  no build target found for C:\Users\gujar\OneDrive\Documents\Java\linked_list\doubley_linked_list.java. Using fallback presentation compiler.
2026.05.01 19:02:33 INFO  no build target found for C:\Users\gujar\OneDrive\Documents\Java\linked_list\doubley_linked_list.java. Using fallback presentation compiler.
2026.05.01 19:02:33 INFO  no build target found for C:\Users\gujar\OneDrive\Documents\Java\linked_list\doubley_linked_list.java. Using fallback presentation compiler.
2026.05.01 19:02:33 INFO  no build target found for C:\Users\gujar\OneDrive\Documents\Java\linked_list\doubley_linked_list.java. Using fallback presentation compiler.
2026.05.01 19:02:33 INFO  no build target found for C:\Users\gujar\OneDrive\Documents\Java\linked_list\doubley_linked_list.java. Using fallback presentation compiler.
2026.05.01 19:02:34 INFO  no build target found for C:\Users\gujar\OneDrive\Documents\Java\linked_list\doubley_linked_list.java. Using fallback presentation compiler.
2026.05.01 19:02:34 WARN  no build target for: C:\Users\gujar\OneDrive\Documents\Java\linked_list\doubley_linked_list.java
2026.05.01 19:02:34 INFO  no build target found for C:\Users\gujar\OneDrive\Documents\Java\linked_list\doubley_linked_list.java. Using fallback presentation compiler.
2026.05.01 19:02:34 INFO  no build target found for C:\Users\gujar\OneDrive\Documents\Java\linked_list\doubley_linked_list.java. Using fallback presentation compiler.
2026.05.01 19:02:34 INFO  no build target found for C:\Users\gujar\OneDrive\Documents\Java\linked_list\doubley_linked_list.java. Using fallback presentation compiler.
2026.05.01 19:02:34 WARN  Running javac-semanticdb failed for file:///C:/Users/gujar/OneDrive/Documents/Java/linked_list/doubley_linked_list.java. Output:

2026.05.01 19:02:34 INFO  no build target found for C:\Users\gujar\OneDrive\Documents\Java\linked_list\doubley_linked_list.java. Using fallback presentation compiler.
2026.05.01 19:02:35 INFO  no build target found for C:\Users\gujar\OneDrive\Documents\Java\linked_list\doubley_linked_list.java. Using fallback presentation compiler.
2026.05.01 19:02:35 INFO  no build target found for C:\Users\gujar\OneDrive\Documents\Java\linked_list\doubley_linked_list.java. Using fallback presentation compiler.
2026.05.01 19:02:35 WARN  no build target for: C:\Users\gujar\OneDrive\Documents\Java\linked_list\doubley_linked_list.java
2026.05.01 19:02:35 INFO  no build target found for C:\Users\gujar\OneDrive\Documents\Java\linked_list\doubley_linked_list.java. Using fallback presentation compiler.
2026.05.01 19:02:44 INFO  no build target found for C:\Users\gujar\OneDrive\Documents\Java\linked_list\doubley_linked_list.java. Using fallback presentation compiler.
2026.05.01 19:02:44 INFO  no build target found for C:\Users\gujar\OneDrive\Documents\Java\linked_list\doubley_linked_list.java. Using fallback presentation compiler.
2026.05.01 19:02:46 INFO  no build target found for C:\Users\gujar\OneDrive\Documents\Java\linked_list\doubley_linked_list.java. Using fallback presentation compiler.
2026.05.01 19:02:48 INFO  no build target found for C:\Users\gujar\OneDrive\Documents\Java\linked_list\doubley_linked_list.java. Using fallback presentation compiler.
2026.05.01 19:02:48 INFO  no build target found for C:\Users\gujar\OneDrive\Documents\Java\linked_list\doubley_linked_list.java. Using fallback presentation compiler.
2026.05.01 19:02:49 INFO  no build target found for C:\Users\gujar\OneDrive\Documents\Java\linked_list\doubley_linked_list.java. Using fallback presentation compiler.
2026.05.01 19:02:49 INFO  no build target found for C:\Users\gujar\OneDrive\Documents\Java\linked_list\doubley_linked_list.java. Using fallback presentation compiler.
2026.05.01 19:02:50 INFO  no build target found for C:\Users\gujar\OneDrive\Documents\Java\linked_list\doubley_linked_list.java. Using fallback presentation compiler.
2026.05.01 19:02:50 INFO  no build target found for C:\Users\gujar\OneDrive\Documents\Java\linked_list\doubley_linked_list.java. Using fallback presentation compiler.
2026.05.01 19:02:52 INFO  no build target found for C:\Users\gujar\OneDrive\Documents\Java\linked_list\doubley_linked_list.java. Using fallback presentation compiler.
2026.05.01 19:02:52 INFO  no build target found for C:\Users\gujar\OneDrive\Documents\Java\linked_list\doubley_linked_list.java. Using fallback presentation compiler.
2026.05.01 19:02:52 INFO  no build target found for C:\Users\gujar\OneDrive\Documents\Java\linked_list\doubley_linked_list.java. Using fallback presentation compiler.
2026.05.01 19:02:52 INFO  no build target found for C:\Users\gujar\OneDrive\Documents\Java\linked_list\doubley_linked_list.java. Using fallback presentation compiler.
2026.05.01 19:02:53 INFO  no build target found for C:\Users\gujar\OneDrive\Documents\Java\linked_list\doubley_linked_list.java. Using fallback presentation compiler.
2026.05.01 19:03:12 INFO  no build target found for C:\Users\gujar\OneDrive\Documents\Java\linked_list\doubley_linked_list.java. Using fallback presentation compiler.
2026.05.01 19:03:12 INFO  no build target found for C:\Users\gujar\OneDrive\Documents\Java\linked_list\doubley_linked_list.java. Using fallback presentation compiler.
2026.05.01 19:03:14 INFO  no build target found for C:\Users\gujar\OneDrive\Documents\Java\linked_list\doubley_linked_list.java. Using fallback presentation compiler.
2026.05.01 19:03:15 INFO  no build target found for C:\Users\gujar\OneDrive\Documents\Java\linked_list\doubley_linked_list.java. Using fallback presentation compiler.
2026.05.01 19:03:15 INFO  no build target found for C:\Users\gujar\OneDrive\Documents\Java\linked_list\doubley_linked_list.java. Using fallback presentation compiler.
2026.05.01 19:03:15 INFO  no build target found for C:\Users\gujar\OneDrive\Documents\Java\linked_list\doubley_linked_list.java. Using fallback presentation compiler.
2026.05.01 19:03:16 INFO  no build target found for C:\Users\gujar\OneDrive\Documents\Java\linked_list\doubley_linked_list.java. Using fallback presentation compiler.
2026.05.01 19:03:16 INFO  no build target found for C:\Users\gujar\OneDrive\Documents\Java\linked_list\doubley_linked_list.java. Using fallback presentation compiler.
2026.05.01 19:03:16 INFO  no build target found for C:\Users\gujar\OneDrive\Documents\Java\linked_list\doubley_linked_list.java. Using fallback presentation compiler.
2026.05.01 19:03:16 INFO  no build target found for C:\Users\gujar\OneDrive\Documents\Java\linked_list\doubley_linked_list.java. Using fallback presentation compiler.
2026.05.01 19:03:16 INFO  no build target found for C:\Users\gujar\OneDrive\Documents\Java\linked_list\doubley_linked_list.java. Using fallback presentation compiler.
2026.05.01 19:03:17 INFO  no build target found for C:\Users\gujar\OneDrive\Documents\Java\linked_list\doubley_linked_list.java. Using fallback presentation compiler.
2026.05.01 19:03:16 INFO  no build target found for C:\Users\gujar\OneDrive\Documents\Java\linked_list\doubley_linked_list.java. Using fallback presentation compiler.
2026.05.01 19:03:16 INFO  no build target found for C:\Users\gujar\OneDrive\Documents\Java\linked_list\doubley_linked_list.java. Using fallback presentation compiler.
2026.05.01 19:03:17 INFO  no build target found for C:\Users\gujar\OneDrive\Documents\Java\linked_list\doubley_linked_list.java. Using fallback presentation compiler.
2026.05.01 19:03:17 INFO  no build target found for C:\Users\gujar\OneDrive\Documents\Java\linked_list\doubley_linked_list.java. Using fallback presentation compiler.
2026.05.01 19:03:17 INFO  no build target found for C:\Users\gujar\OneDrive\Documents\Java\linked_list\doubley_linked_list.java. Using fallback presentation compiler.
2026.05.01 19:03:17 INFO  no build target found for C:\Users\gujar\OneDrive\Documents\Java\linked_list\doubley_linked_list.java. Using fallback presentation compiler.
2026.05.01 19:03:17 INFO  no build target found for C:\Users\gujar\OneDrive\Documents\Java\linked_list\doubley_linked_list.java. Using fallback presentation compiler.
2026.05.01 19:03:18 INFO  no build target found for C:\Users\gujar\OneDrive\Documents\Java\linked_list\doubley_linked_list.java. Using fallback presentation compiler.
2026.05.01 19:03:17 INFO  no build target found for C:\Users\gujar\OneDrive\Documents\Java\linked_list\doubley_linked_list.java. Using fallback presentation compiler.
2026.05.01 19:03:18 INFO  no build target found for C:\Users\gujar\OneDrive\Documents\Java\linked_list\doubley_linked_list.java. Using fallback presentation compiler.
2026.05.01 19:03:18 WARN  no build target for: C:\Users\gujar\OneDrive\Documents\Java\linked_list\doubley_linked_list.java
2026.05.01 19:03:18 INFO  no build target found for C:\Users\gujar\OneDrive\Documents\Java\linked_list\doubley_linked_list.java. Using fallback presentation compiler.
2026.05.01 19:03:50 INFO  no build target found for C:\Users\gujar\OneDrive\Documents\Java\linked_list\doubley_linked_list.java. Using fallback presentation compiler.
2026.05.01 19:03:52 INFO  no build target found for C:\Users\gujar\OneDrive\Documents\Java\linked_list\doubley_linked_list.java. Using fallback presentation compiler.
2026.05.01 19:03:53 INFO  no build target found for C:\Users\gujar\OneDrive\Documents\Java\linked_list\doubley_linked_list.java. Using fallback presentation compiler.
2026.05.01 19:03:53 INFO  no build target found for C:\Users\gujar\OneDrive\Documents\Java\linked_list\doubley_linked_list.java. Using fallback presentation compiler.
2026.05.01 19:03:55 INFO  no build target found for C:\Users\gujar\OneDrive\Documents\Java\linked_list\doubley_linked_list.java. Using fallback presentation compiler.
2026.05.01 19:03:55 INFO  no build target found for C:\Users\gujar\OneDrive\Documents\Java\linked_list\doubley_linked_list.java. Using fallback presentation compiler.
2026.05.01 19:03:56 WARN  no build target for: C:\Users\gujar\OneDrive\Documents\Java\linked_list\doubley_linked_list.java
2026.05.01 19:03:56 INFO  no build target found for C:\Users\gujar\OneDrive\Documents\Java\linked_list\doubley_linked_list.java. Using fallback presentation compiler.
2026.05.01 19:03:56 INFO  no build target found for C:\Users\gujar\OneDrive\Documents\Java\linked_list\doubley_linked_list.java. Using fallback presentation compiler.
2026.05.01 19:03:56 INFO  no build target found for C:\Users\gujar\OneDrive\Documents\Java\linked_list\doubley_linked_list.java. Using fallback presentation compiler.
2026.05.01 19:03:57 INFO  no build target found for C:\Users\gujar\OneDrive\Documents\Java\linked_list\doubley_linked_list.java. Using fallback presentation compiler.
2026.05.01 19:03:58 INFO  no build target found for C:\Users\gujar\OneDrive\Documents\Java\linked_list\doubley_linked_list.java. Using fallback presentation compiler.
2026.05.01 19:03:57 WARN  no build target for: C:\Users\gujar\OneDrive\Documents\Java\linked_list\doubley_linked_list.java
2026.05.01 19:03:57 INFO  no build target found for C:\Users\gujar\OneDrive\Documents\Java\linked_list\doubley_linked_list.java. Using fallback presentation compiler.
2026.05.01 19:03:58 INFO  no build target found for C:\Users\gujar\OneDrive\Documents\Java\linked_list\doubley_linked_list.java. Using fallback presentation compiler.
2026.05.01 19:03:58 INFO  no build target found for C:\Users\gujar\OneDrive\Documents\Java\linked_list\doubley_linked_list.java. Using fallback presentation compiler.
2026.05.01 19:03:59 INFO  no build target found for C:\Users\gujar\OneDrive\Documents\Java\linked_list\doubley_linked_list.java. Using fallback presentation compiler.
2026.05.01 19:03:59 INFO  no build target found for C:\Users\gujar\OneDrive\Documents\Java\linked_list\doubley_linked_list.java. Using fallback presentation compiler.
2026.05.01 19:04:00 INFO  no build target found for C:\Users\gujar\OneDrive\Documents\Java\linked_list\doubley_linked_list.java. Using fallback presentation compiler.
2026.05.01 19:04:00 INFO  no build target found for C:\Users\gujar\OneDrive\Documents\Java\linked_list\doubley_linked_list.java. Using fallback presentation compiler.
2026.05.01 19:04:01 INFO  no build target found for C:\Users\gujar\OneDrive\Documents\Java\linked_list\doubley_linked_list.java. Using fallback presentation compiler.
2026.05.01 19:04:02 WARN  no build target for: C:\Users\gujar\OneDrive\Documents\Java\linked_list\doubley_linked_list.java
2026.05.01 19:04:02 INFO  no build target found for C:\Users\gujar\OneDrive\Documents\Java\linked_list\doubley_linked_list.java. Using fallback presentation compiler.
2026.05.01 19:04:02 INFO  no build target found for C:\Users\gujar\OneDrive\Documents\Java\linked_list\doubley_linked_list.java. Using fallback presentation compiler.
2026.05.01 19:04:03 INFO  no build target found for C:\Users\gujar\OneDrive\Documents\Java\linked_list\doubley_linked_list.java. Using fallback presentation compiler.
2026.05.01 19:04:02 INFO  no build target found for C:\Users\gujar\OneDrive\Documents\Java\linked_list\doubley_linked_list.java. Using fallback presentation compiler.
2026.05.01 19:04:03 WARN  no build target for: C:\Users\gujar\OneDrive\Documents\Java\linked_list\doubley_linked_list.java
2026.05.01 19:04:03 INFO  no build target found for C:\Users\gujar\OneDrive\Documents\Java\linked_list\doubley_linked_list.java. Using fallback presentation compiler.
2026.05.01 19:04:06 INFO  no build target found for C:\Users\gujar\OneDrive\Documents\Java\linked_list\doubley_linked_list.java. Using fallback presentation compiler.
2026.05.01 19:04:06 INFO  no build target found for C:\Users\gujar\OneDrive\Documents\Java\linked_list\doubley_linked_list.java. Using fallback presentation compiler.
2026.05.01 19:04:07 INFO  no build target found for C:\Users\gujar\OneDrive\Documents\Java\linked_list\doubley_linked_list.java. Using fallback presentation compiler.
2026.05.01 19:04:08 INFO  no build target found for C:\Users\gujar\OneDrive\Documents\Java\linked_list\doubley_linked_list.java. Using fallback presentation compiler.
2026.05.01 19:04:08 INFO  no build target found for C:\Users\gujar\OneDrive\Documents\Java\linked_list\doubley_linked_list.java. Using fallback presentation compiler.
2026.05.01 19:04:09 INFO  no build target found for C:\Users\gujar\OneDrive\Documents\Java\linked_list\doubley_linked_list.java. Using fallback presentation compiler.
2026.05.01 19:04:09 INFO  no build target found for C:\Users\gujar\OneDrive\Documents\Java\linked_list\doubley_linked_list.java. Using fallback presentation compiler.
2026.05.01 19:04:09 INFO  no build target found for C:\Users\gujar\OneDrive\Documents\Java\linked_list\doubley_linked_list.java. Using fallback presentation compiler.
2026.05.01 19:04:12 INFO  no build target found for C:\Users\gujar\OneDrive\Documents\Java\linked_list\doubley_linked_list.java. Using fallback presentation compiler.
2026.05.01 19:04:13 INFO  no build target found for C:\Users\gujar\OneDrive\Documents\Java\linked_list\doubley_linked_list.java. Using fallback presentation compiler.
2026.05.01 19:04:13 INFO  no build target found for C:\Users\gujar\OneDrive\Documents\Java\linked_list\doubley_linked_list.java. Using fallback presentation compiler.
2026.05.01 19:04:13 INFO  no build target found for C:\Users\gujar\OneDrive\Documents\Java\linked_list\doubley_linked_list.java. Using fallback presentation compiler.
2026.05.01 19:04:13 INFO  no build target found for C:\Users\gujar\OneDrive\Documents\Java\linked_list\doubley_linked_list.java. Using fallback presentation compiler.
2026.05.01 19:04:13 INFO  no build target found for C:\Users\gujar\OneDrive\Documents\Java\linked_list\doubley_linked_list.java. Using fallback presentation compiler.
2026.05.01 19:04:14 INFO  no build target found for C:\Users\gujar\OneDrive\Documents\Java\linked_list\doubley_linked_list.java. Using fallback presentation compiler.
2026.05.01 19:04:14 INFO  no build target found for C:\Users\gujar\OneDrive\Documents\Java\linked_list\doubley_linked_list.java. Using fallback presentation compiler.
2026.05.01 19:04:14 INFO  no build target found for C:\Users\gujar\OneDrive\Documents\Java\linked_list\doubley_linked_list.java. Using fallback presentation compiler.
2026.05.01 19:04:14 INFO  no build target found for C:\Users\gujar\OneDrive\Documents\Java\linked_list\doubley_linked_list.java. Using fallback presentation compiler.
2026.05.01 19:04:14 INFO  no build target found for C:\Users\gujar\OneDrive\Documents\Java\linked_list\doubley_linked_list.java. Using fallback presentation compiler.
2026.05.01 19:04:14 INFO  no build target found for C:\Users\gujar\OneDrive\Documents\Java\linked_list\doubley_linked_list.java. Using fallback presentation compiler.
2026.05.01 19:04:14 INFO  no build target found for C:\Users\gujar\OneDrive\Documents\Java\linked_list\doubley_linked_list.java. Using fallback presentation compiler.
2026.05.01 19:04:14 INFO  no build target found for C:\Users\gujar\OneDrive\Documents\Java\linked_list\doubley_linked_list.java. Using fallback presentation compiler.
2026.05.01 19:04:15 INFO  no build target found for C:\Users\gujar\OneDrive\Documents\Java\linked_list\doubley_linked_list.java. Using fallback presentation compiler.
2026.05.01 19:04:15 WARN  no build target for: C:\Users\gujar\OneDrive\Documents\Java\linked_list\doubley_linked_list.java
2026.05.01 19:04:15 INFO  no build target found for C:\Users\gujar\OneDrive\Documents\Java\linked_list\doubley_linked_list.java. Using fallback presentation compiler.
2026.05.01 19:04:15 INFO  no build target found for C:\Users\gujar\OneDrive\Documents\Java\linked_list\doubley_linked_list.java. Using fallback presentation compiler.
2026.05.01 19:04:15 INFO  no build target found for C:\Users\gujar\OneDrive\Documents\Java\linked_list\doubley_linked_list.java. Using fallback presentation compiler.
2026.05.01 19:04:16 INFO  no build target found for C:\Users\gujar\OneDrive\Documents\Java\linked_list\doubley_linked_list.java. Using fallback presentation compiler.
2026.05.01 19:04:16 INFO  no build target found for C:\Users\gujar\OneDrive\Documents\Java\linked_list\doubley_linked_list.java. Using fallback presentation compiler.
2026.05.01 19:04:16 WARN  no build target for: C:\Users\gujar\OneDrive\Documents\Java\linked_list\doubley_linked_list.java
2026.05.01 19:04:16 INFO  no build target found for C:\Users\gujar\OneDrive\Documents\Java\linked_list\doubley_linked_list.java. Using fallback presentation compiler.
2026.05.01 19:04:26 INFO  no build target found for C:\Users\gujar\OneDrive\Documents\Java\linked_list\doubley_linked_list.java. Using fallback presentation compiler.
2026.05.01 19:04:26 INFO  no build target found for C:\Users\gujar\OneDrive\Documents\Java\linked_list\doubley_linked_list.java. Using fallback presentation compiler.
2026.05.01 19:04:26 WARN  Running javac-semanticdb failed for file:///C:/Users/gujar/OneDrive/Documents/Java/linked_list/doubley_linked_list.java. Output:

2026.05.01 19:04:26 INFO  no build target found for C:\Users\gujar\OneDrive\Documents\Java\linked_list\doubley_linked_list.java. Using fallback presentation compiler.
2026.05.01 19:04:26 INFO  no build target found for C:\Users\gujar\OneDrive\Documents\Java\linked_list\doubley_linked_list.java. Using fallback presentation compiler.
2026.05.01 19:04:26 INFO  no build target found for C:\Users\gujar\OneDrive\Documents\Java\linked_list\doubley_linked_list.java. Using fallback presentation compiler.
May 01, 2026 7:04:26 PM org.eclipse.lsp4j.jsonrpc.RemoteEndpoint handleCancellation
WARNING: Unmatched cancel notification for request id 572
2026.05.01 19:04:26 WARN  Running javac-semanticdb failed for file:///C:/Users/gujar/OneDrive/Documents/Java/linked_list/doubley_linked_list.java. Output:

2026.05.01 19:04:26 INFO  no build target found for C:\Users\gujar\OneDrive\Documents\Java\linked_list\doubley_linked_list.java. Using fallback presentation compiler.
2026.05.01 19:04:26 INFO  no build target found for C:\Users\gujar\OneDrive\Documents\Java\linked_list\doubley_linked_list.java. Using fallback presentation compiler.
2026.05.01 19:04:26 WARN  Running javac-semanticdb failed for file:///C:/Users/gujar/OneDrive/Documents/Java/linked_list/doubley_linked_list.java. Output:

2026.05.01 19:04:27 INFO  no build target found for C:\Users\gujar\OneDrive\Documents\Java\linked_list\doubley_linked_list.java. Using fallback presentation compiler.
2026.05.01 19:04:27 INFO  no build target found for C:\Users\gujar\OneDrive\Documents\Java\linked_list\doubley_linked_list.java. Using fallback presentation compiler.
2026.05.01 19:04:27 INFO  no build target found for C:\Users\gujar\OneDrive\Documents\Java\linked_list\doubley_linked_list.java. Using fallback presentation compiler.
2026.05.01 19:04:26 WARN  Running javac-semanticdb failed for file:///C:/Users/gujar/OneDrive/Documents/Java/linked_list/doubley_linked_list.java. Output:

2026.05.01 19:04:27 INFO  no build target found for C:\Users\gujar\OneDrive\Documents\Java\linked_list\doubley_linked_list.java. Using fallback presentation compiler.
2026.05.01 19:04:27 INFO  no build target found for C:\Users\gujar\OneDrive\Documents\Java\linked_list\doubley_linked_list.java. Using fallback presentation compiler.
2026.05.01 19:04:28 WARN  no build target for: C:\Users\gujar\OneDrive\Documents\Java\linked_list\doubley_linked_list.java
2026.05.01 19:04:27 INFO  no build target found for C:\Users\gujar\OneDrive\Documents\Java\linked_list\doubley_linked_list.java. Using fallback presentation compiler.
2026.05.01 19:04:28 INFO  no build target found for C:\Users\gujar\OneDrive\Documents\Java\linked_list\doubley_linked_list.java. Using fallback presentation compiler.
2026.05.01 19:04:31 INFO  no build target found for C:\Users\gujar\OneDrive\Documents\Java\linked_list\doubley_linked_list.java. Using fallback presentation compiler.
2026.05.01 19:04:34 INFO  no build target found for C:\Users\gujar\OneDrive\Documents\Java\linked_list\doubley_linked_list.java. Using fallback presentation compiler.
2026.05.01 19:04:35 INFO  no build target found for C:\Users\gujar\OneDrive\Documents\Java\linked_list\doubley_linked_list.java. Using fallback presentation compiler.
2026.05.01 19:04:35 WARN  no build target for: C:\Users\gujar\OneDrive\Documents\Java\linked_list\doubley_linked_list.java
2026.05.01 19:04:35 INFO  no build target found for C:\Users\gujar\OneDrive\Documents\Java\linked_list\doubley_linked_list.java. Using fallback presentation compiler.
2026.05.01 19:04:36 INFO  no build target found for C:\Users\gujar\OneDrive\Documents\Java\linked_list\doubley_linked_list.java. Using fallback presentation compiler.
2026.05.01 19:04:36 INFO  no build target found for C:\Users\gujar\OneDrive\Documents\Java\linked_list\doubley_linked_list.java. Using fallback presentation compiler.
2026.05.01 19:04:36 INFO  no build target found for C:\Users\gujar\OneDrive\Documents\Java\linked_list\doubley_linked_list.java. Using fallback presentation compiler.
2026.05.01 19:04:37 WARN  no build target for: C:\Users\gujar\OneDrive\Documents\Java\linked_list\doubley_linked_list.java
2026.05.01 19:04:37 INFO  no build target found for C:\Users\gujar\OneDrive\Documents\Java\linked_list\doubley_linked_list.java. Using fallback presentation compiler.
2026.05.01 19:04:38 INFO  no build target found for C:\Users\gujar\OneDrive\Documents\Java\linked_list\doubley_linked_list.java. Using fallback presentation compiler.
2026.05.01 19:04:38 INFO  no build target found for C:\Users\gujar\OneDrive\Documents\Java\linked_list\doubley_linked_list.java. Using fallback presentation compiler.
2026.05.01 19:04:38 INFO  no build target found for C:\Users\gujar\OneDrive\Documents\Java\linked_list\doubley_linked_list.java. Using fallback presentation compiler.
2026.05.01 19:04:39 WARN  no build target for: C:\Users\gujar\OneDrive\Documents\Java\linked_list\doubley_linked_list.java
2026.05.01 19:04:39 INFO  no build target found for C:\Users\gujar\OneDrive\Documents\Java\linked_list\doubley_linked_list.java. Using fallback presentation compiler.
2026.05.01 19:04:48 INFO  no build target found for C:\Users\gujar\OneDrive\Documents\Java\linked_list\doubley_linked_list.java. Using fallback presentation compiler.
2026.05.01 19:05:15 INFO  no build target found for C:\Users\gujar\OneDrive\Documents\Java\linked_list\doubley_linked_list.java. Using fallback presentation compiler.
2026.05.01 19:05:15 INFO  no build target found for C:\Users\gujar\OneDrive\Documents\Java\linked_list\doubley_linked_list.java. Using fallback presentation compiler.
2026.05.01 19:05:15 INFO  no build target found for C:\Users\gujar\OneDrive\Documents\Java\linked_list\doubley_linked_list.java. Using fallback presentation compiler.
2026.05.01 19:05:30 INFO  no build target found for C:\Users\gujar\OneDrive\Documents\Java\linked_list\doubley_linked_list.java. Using fallback presentation compiler.
2026.05.01 19:05:30 INFO  no build target found for C:\Users\gujar\OneDrive\Documents\Java\linked_list\doubley_linked_list.java. Using fallback presentation compiler.
2026.05.01 19:05:30 INFO  no build target found for C:\Users\gujar\OneDrive\Documents\Java\linked_list\doubley_linked_list.java. Using fallback presentation compiler.
2026.05.01 19:05:31 INFO  no build target found for C:\Users\gujar\OneDrive\Documents\Java\linked_list\doubley_linked_list.java. Using fallback presentation compiler.
2026.05.01 19:05:30 INFO  no build target found for C:\Users\gujar\OneDrive\Documents\Java\linked_list\doubley_linked_list.java. Using fallback presentation compiler.
2026.05.01 19:05:30 INFO  no build target found for C:\Users\gujar\OneDrive\Documents\Java\linked_list\doubley_linked_list.java. Using fallback presentation compiler.
2026.05.01 19:05:30 INFO  no build target found for C:\Users\gujar\OneDrive\Documents\Java\linked_list\doubley_linked_list.java. Using fallback presentation compiler.
2026.05.01 19:05:30 INFO  no build target found for C:\Users\gujar\OneDrive\Documents\Java\linked_list\doubley_linked_list.java. Using fallback presentation compiler.
2026.05.01 19:05:30 INFO  no build target found for C:\Users\gujar\OneDrive\Documents\Java\linked_list\doubley_linked_list.java. Using fallback presentation compiler.
2026.05.01 19:05:30 INFO  no build target found for C:\Users\gujar\OneDrive\Documents\Java\linked_list\doubley_linked_list.java. Using fallback presentation compiler.
2026.05.01 19:05:30 INFO  no build target found for C:\Users\gujar\OneDrive\Documents\Java\linked_list\doubley_linked_list.java. Using fallback presentation compiler.
2026.05.01 19:05:30 INFO  no build target found for C:\Users\gujar\OneDrive\Documents\Java\linked_list\doubley_linked_list.java. Using fallback presentation compiler.
2026.05.01 19:05:30 INFO  no build target found for C:\Users\gujar\OneDrive\Documents\Java\linked_list\doubley_linked_list.java. Using fallback presentation compiler.
2026.05.01 19:05:30 INFO  no build target found for C:\Users\gujar\OneDrive\Documents\Java\linked_list\doubley_linked_list.java. Using fallback presentation compiler.
2026.05.01 19:05:30 INFO  no build target found for C:\Users\gujar\OneDrive\Documents\Java\linked_list\doubley_linked_list.java. Using fallback presentation compiler.
2026.05.01 19:05:31 INFO  no build target found for C:\Users\gujar\OneDrive\Documents\Java\linked_list\doubley_linked_list.java. Using fallback presentation compiler.
2026.05.01 19:05:30 INFO  no build target found for C:\Users\gujar\OneDrive\Documents\Java\linked_list\doubley_linked_list.java. Using fallback presentation compiler.
2026.05.01 19:05:30 INFO  no build target found for C:\Users\gujar\OneDrive\Documents\Java\linked_list\doubley_linked_list.java. Using fallback presentation compiler.
2026.05.01 19:05:30 INFO  no build target found for C:\Users\gujar\OneDrive\Documents\Java\linked_list\doubley_linked_list.java. Using fallback presentation compiler.
2026.05.01 19:05:31 INFO  no build target found for C:\Users\gujar\OneDrive\Documents\Java\linked_list\doubley_linked_list.java. Using fallback presentation compiler.
2026.05.01 19:05:31 INFO  no build target found for C:\Users\gujar\OneDrive\Documents\Java\linked_list\doubley_linked_list.java. Using fallback presentation compiler.
2026.05.01 19:05:31 INFO  no build target found for C:\Users\gujar\OneDrive\Documents\Java\linked_list\doubley_linked_list.java. Using fallback presentation compiler.
2026.05.01 19:05:31 INFO  no build target found for C:\Users\gujar\OneDrive\Documents\Java\linked_list\doubley_linked_list.java. Using fallback presentation compiler.
2026.05.01 19:05:31 INFO  no build target found for C:\Users\gujar\OneDrive\Documents\Java\linked_list\doubley_linked_list.java. Using fallback presentation compiler.
2026.05.01 19:05:31 INFO  no build target found for C:\Users\gujar\OneDrive\Documents\Java\linked_list\doubley_linked_list.java. Using fallback presentation compiler.
2026.05.01 19:05:31 INFO  no build target found for C:\Users\gujar\OneDrive\Documents\Java\linked_list\doubley_linked_list.java. Using fallback presentation compiler.
2026.05.01 19:05:31 INFO  no build target found for C:\Users\gujar\OneDrive\Documents\Java\linked_list\doubley_linked_list.java. Using fallback presentation compiler.
2026.05.01 19:05:31 INFO  no build target found for C:\Users\gujar\OneDrive\Documents\Java\linked_list\doubley_linked_list.java. Using fallback presentation compiler.
2026.05.01 19:05:31 INFO  no build target found for C:\Users\gujar\OneDrive\Documents\Java\linked_list\doubley_linked_list.java. Using fallback presentation compiler.
2026.05.01 19:05:32 INFO  no build target found for C:\Users\gujar\OneDrive\Documents\Java\linked_list\doubley_linked_list.java. Using fallback presentation compiler.
2026.05.01 19:05:31 INFO  no build target found for C:\Users\gujar\OneDrive\Documents\Java\linked_list\doubley_linked_list.java. Using fallback presentation compiler.
2026.05.01 19:05:31 INFO  no build target found for C:\Users\gujar\OneDrive\Documents\Java\linked_list\doubley_linked_list.java. Using fallback presentation compiler.
2026.05.01 19:05:32 INFO  no build target found for C:\Users\gujar\OneDrive\Documents\Java\linked_list\doubley_linked_list.java. Using fallback presentation compiler.
2026.05.01 19:05:32 INFO  no build target found for C:\Users\gujar\OneDrive\Documents\Java\linked_list\doubley_linked_list.java. Using fallback presentation compiler.
2026.05.01 19:05:32 INFO  no build target found for C:\Users\gujar\OneDrive\Documents\Java\linked_list\doubley_linked_list.java. Using fallback presentation compiler.
2026.05.01 19:05:32 INFO  no build target found for C:\Users\gujar\OneDrive\Documents\Java\linked_list\doubley_linked_list.java. Using fallback presentation compiler.
2026.05.01 19:05:32 INFO  no build target found for C:\Users\gujar\OneDrive\Documents\Java\linked_list\doubley_linked_list.java. Using fallback presentation compiler.
2026.05.01 19:05:33 INFO  no build target found for C:\Users\gujar\OneDrive\Documents\Java\linked_list\doubley_linked_list.java. Using fallback presentation compiler.
2026.05.01 19:05:32 INFO  no build target found for C:\Users\gujar\OneDrive\Documents\Java\linked_list\doubley_linked_list.java. Using fallback presentation compiler.
2026.05.01 19:05:32 INFO  no build target found for C:\Users\gujar\OneDrive\Documents\Java\linked_list\doubley_linked_list.java. Using fallback presentation compiler.
2026.05.01 19:05:32 INFO  no build target found for C:\Users\gujar\OneDrive\Documents\Java\linked_list\doubley_linked_list.java. Using fallback presentation compiler.
2026.05.01 19:05:33 INFO  no build target found for C:\Users\gujar\OneDrive\Documents\Java\linked_list\doubley_linked_list.java. Using fallback presentation compiler.
2026.05.01 19:05:32 INFO  no build target found for C:\Users\gujar\OneDrive\Documents\Java\linked_list\doubley_linked_list.java. Using fallback presentation compiler.
2026.05.01 19:05:32 INFO  no build target found for C:\Users\gujar\OneDrive\Documents\Java\linked_list\doubley_linked_list.java. Using fallback presentation compiler.
2026.05.01 19:05:34 INFO  no build target found for C:\Users\gujar\OneDrive\Documents\Java\linked_list\doubley_linked_list.java. Using fallback presentation compiler.
2026.05.01 19:05:34 INFO  no build target found for C:\Users\gujar\OneDrive\Documents\Java\linked_list\doubley_linked_list.java. Using fallback presentation compiler.
2026.05.01 19:05:34 INFO  no build target found for C:\Users\gujar\OneDrive\Documents\Java\linked_list\doubley_linked_list.java. Using fallback presentation compiler.
2026.05.01 19:05:34 INFO  no build target found for C:\Users\gujar\OneDrive\Documents\Java\linked_list\doubley_linked_list.java. Using fallback presentation compiler.
2026.05.01 19:05:34 INFO  no build target found for C:\Users\gujar\OneDrive\Documents\Java\linked_list\doubley_linked_list.java. Using fallback presentation compiler.
2026.05.01 19:05:34 INFO  no build target found for C:\Users\gujar\OneDrive\Documents\Java\linked_list\doubley_linked_list.java. Using fallback presentation compiler.
2026.05.01 19:05:35 INFO  no build target found for C:\Users\gujar\OneDrive\Documents\Java\linked_list\doubley_linked_list.java. Using fallback presentation compiler.
2026.05.01 19:05:35 INFO  no build target found for C:\Users\gujar\OneDrive\Documents\Java\linked_list\doubley_linked_list.java. Using fallback presentation compiler.
2026.05.01 19:05:35 INFO  no build target found for C:\Users\gujar\OneDrive\Documents\Java\linked_list\doubley_linked_list.java. Using fallback presentation compiler.
2026.05.01 19:05:34 INFO  no build target found for C:\Users\gujar\OneDrive\Documents\Java\linked_list\doubley_linked_list.java. Using fallback presentation compiler.
2026.05.01 19:05:35 INFO  no build target found for C:\Users\gujar\OneDrive\Documents\Java\linked_list\doubley_linked_list.java. Using fallback presentation compiler.
2026.05.01 19:05:35 INFO  no build target found for C:\Users\gujar\OneDrive\Documents\Java\linked_list\doubley_linked_list.java. Using fallback presentation compiler.
2026.05.01 19:05:36 INFO  no build target found for C:\Users\gujar\OneDrive\Documents\Java\linked_list\doubley_linked_list.java. Using fallback presentation compiler.
2026.05.01 19:05:36 INFO  no build target found for C:\Users\gujar\OneDrive\Documents\Java\linked_list\doubley_linked_list.java. Using fallback presentation compiler.
2026.05.01 19:05:36 WARN  no build target for: C:\Users\gujar\OneDrive\Documents\Java\linked_list\doubley_linked_list.java
2026.05.01 19:05:36 INFO  no build target found for C:\Users\gujar\OneDrive\Documents\Java\linked_list\doubley_linked_list.java. Using fallback presentation compiler.
2026.05.01 19:05:39 INFO  no build target found for C:\Users\gujar\OneDrive\Documents\Java\linked_list\doubley_linked_list.java. Using fallback presentation compiler.
2026.05.01 19:05:39 INFO  no build target found for C:\Users\gujar\OneDrive\Documents\Java\linked_list\doubley_linked_list.java. Using fallback presentation compiler.
2026.05.01 19:05:39 INFO  no build target found for C:\Users\gujar\OneDrive\Documents\Java\linked_list\doubley_linked_list.java. Using fallback presentation compiler.
2026.05.01 19:05:39 INFO  no build target found for C:\Users\gujar\OneDrive\Documents\Java\linked_list\doubley_linked_list.java. Using fallback presentation compiler.
2026.05.01 19:05:39 INFO  no build target found for C:\Users\gujar\OneDrive\Documents\Java\linked_list\doubley_linked_list.java. Using fallback presentation compiler.
2026.05.01 19:05:39 INFO  no build target found for C:\Users\gujar\OneDrive\Documents\Java\linked_list\doubley_linked_list.java. Using fallback presentation compiler.
2026.05.01 19:05:39 INFO  no build target found for C:\Users\gujar\OneDrive\Documents\Java\linked_list\doubley_linked_list.java. Using fallback presentation compiler.
2026.05.01 19:05:39 INFO  no build target found for C:\Users\gujar\OneDrive\Documents\Java\linked_list\doubley_linked_list.java. Using fallback presentation compiler.
2026.05.01 19:05:39 INFO  no build target found for C:\Users\gujar\OneDrive\Documents\Java\linked_list\doubley_linked_list.java. Using fallback presentation compiler.
2026.05.01 19:05:40 WARN  Running javac-semanticdb failed for file:///C:/Users/gujar/OneDrive/Documents/Java/linked_list/doubley_linked_list.java. Output:

2026.05.01 19:05:40 INFO  no build target found for C:\Users\gujar\OneDrive\Documents\Java\linked_list\doubley_linked_list.java. Using fallback presentation compiler.
2026.05.01 19:05:41 WARN  no build target for: C:\Users\gujar\OneDrive\Documents\Java\linked_list\doubley_linked_list.java
2026.05.01 19:05:41 INFO  no build target found for C:\Users\gujar\OneDrive\Documents\Java\linked_list\doubley_linked_list.java. Using fallback presentation compiler.
2026.05.01 19:05:40 INFO  no build target found for C:\Users\gujar\OneDrive\Documents\Java\linked_list\doubley_linked_list.java. Using fallback presentation compiler.
2026.05.01 19:05:40 INFO  no build target found for C:\Users\gujar\OneDrive\Documents\Java\linked_list\doubley_linked_list.java. Using fallback presentation compiler.
2026.05.01 19:05:41 WARN  Running javac-semanticdb failed for file:///C:/Users/gujar/OneDrive/Documents/Java/linked_list/doubley_linked_list.java. Output:

2026.05.01 19:05:41 INFO  no build target found for C:\Users\gujar\OneDrive\Documents\Java\linked_list\doubley_linked_list.java. Using fallback presentation compiler.
2026.05.01 19:05:40 INFO  no build target found for C:\Users\gujar\OneDrive\Documents\Java\linked_list\doubley_linked_list.java. Using fallback presentation compiler.
2026.05.01 19:05:41 INFO  no build target found for C:\Users\gujar\OneDrive\Documents\Java\linked_list\doubley_linked_list.java. Using fallback presentation compiler.
2026.05.01 19:05:41 WARN  Running javac-semanticdb failed for file:///C:/Users/gujar/OneDrive/Documents/Java/linked_list/doubley_linked_list.java. Output:

2026.05.01 19:05:41 INFO  no build target found for C:\Users\gujar\OneDrive\Documents\Java\linked_list\doubley_linked_list.java. Using fallback presentation compiler.
2026.05.01 19:05:41 INFO  no build target found for C:\Users\gujar\OneDrive\Documents\Java\linked_list\doubley_linked_list.java. Using fallback presentation compiler.
2026.05.01 19:05:42 WARN  no build target for: C:\Users\gujar\OneDrive\Documents\Java\linked_list\doubley_linked_list.java
2026.05.01 19:05:42 INFO  no build target found for C:\Users\gujar\OneDrive\Documents\Java\linked_list\doubley_linked_list.java. Using fallback presentation compiler.
2026.05.01 19:05:41 INFO  no build target found for C:\Users\gujar\OneDrive\Documents\Java\linked_list\doubley_linked_list.java. Using fallback presentation compiler.
2026.05.01 19:05:43 INFO  no build target found for C:\Users\gujar\OneDrive\Documents\Java\linked_list\doubley_linked_list.java. Using fallback presentation compiler.
2026.05.01 19:05:43 INFO  no build target found for C:\Users\gujar\OneDrive\Documents\Java\linked_list\doubley_linked_list.java. Using fallback presentation compiler.
2026.05.01 19:05:44 INFO  no build target found for C:\Users\gujar\OneDrive\Documents\Java\linked_list\doubley_linked_list.java. Using fallback presentation compiler.
2026.05.01 19:05:44 INFO  no build target found for C:\Users\gujar\OneDrive\Documents\Java\linked_list\doubley_linked_list.java. Using fallback presentation compiler.
2026.05.01 19:05:44 INFO  no build target found for C:\Users\gujar\OneDrive\Documents\Java\linked_list\doubley_linked_list.java. Using fallback presentation compiler.
2026.05.01 19:05:44 INFO  no build target found for C:\Users\gujar\OneDrive\Documents\Java\linked_list\doubley_linked_list.java. Using fallback presentation compiler.
2026.05.01 19:05:45 INFO  no build target found for C:\Users\gujar\OneDrive\Documents\Java\linked_list\doubley_linked_list.java. Using fallback presentation compiler.
2026.05.01 19:05:45 INFO  no build target found for C:\Users\gujar\OneDrive\Documents\Java\linked_list\doubley_linked_list.java. Using fallback presentation compiler.
2026.05.01 19:05:46 WARN  no build target for: C:\Users\gujar\OneDrive\Documents\Java\linked_list\doubley_linked_list.java
2026.05.01 19:05:46 INFO  no build target found for C:\Users\gujar\OneDrive\Documents\Java\linked_list\doubley_linked_list.java. Using fallback presentation compiler.
2026.05.01 19:05:45 INFO  no build target found for C:\Users\gujar\OneDrive\Documents\Java\linked_list\doubley_linked_list.java. Using fallback presentation compiler.
2026.05.01 19:05:45 INFO  no build target found for C:\Users\gujar\OneDrive\Documents\Java\linked_list\doubley_linked_list.java. Using fallback presentation compiler.
2026.05.01 19:05:48 INFO  no build target found for C:\Users\gujar\OneDrive\Documents\Java\linked_list\doubley_linked_list.java. Using fallback presentation compiler.
2026.05.01 19:05:48 INFO  no build target found for C:\Users\gujar\OneDrive\Documents\Java\linked_list\doubley_linked_list.java. Using fallback presentation compiler.
2026.05.01 19:05:48 INFO  no build target found for C:\Users\gujar\OneDrive\Documents\Java\linked_list\doubley_linked_list.java. Using fallback presentation compiler.
2026.05.01 19:05:48 INFO  no build target found for C:\Users\gujar\OneDrive\Documents\Java\linked_list\doubley_linked_list.java. Using fallback presentation compiler.
2026.05.01 19:05:49 INFO  no build target found for C:\Users\gujar\OneDrive\Documents\Java\linked_list\doubley_linked_list.java. Using fallback presentation compiler.
2026.05.01 19:05:48 INFO  no build target found for C:\Users\gujar\OneDrive\Documents\Java\linked_list\doubley_linked_list.java. Using fallback presentation compiler.
2026.05.01 19:05:49 INFO  no build target found for C:\Users\gujar\OneDrive\Documents\Java\linked_list\doubley_linked_list.java. Using fallback presentation compiler.
2026.05.01 19:05:50 INFO  no build target found for C:\Users\gujar\OneDrive\Documents\Java\linked_list\doubley_linked_list.java. Using fallback presentation compiler.
2026.05.01 19:05:50 INFO  no build target found for C:\Users\gujar\OneDrive\Documents\Java\linked_list\doubley_linked_list.java. Using fallback presentation compiler.
2026.05.01 19:05:50 INFO  no build target found for C:\Users\gujar\OneDrive\Documents\Java\linked_list\doubley_linked_list.java. Using fallback presentation compiler.
2026.05.01 19:05:50 INFO  no build target found for C:\Users\gujar\OneDrive\Documents\Java\linked_list\doubley_linked_list.java. Using fallback presentation compiler.
2026.05.01 19:05:50 INFO  no build target found for C:\Users\gujar\OneDrive\Documents\Java\linked_list\doubley_linked_list.java. Using fallback presentation compiler.
2026.05.01 19:05:50 INFO  no build target found for C:\Users\gujar\OneDrive\Documents\Java\linked_list\doubley_linked_list.java. Using fallback presentation compiler.
2026.05.01 19:05:51 WARN  no build target for: C:\Users\gujar\OneDrive\Documents\Java\linked_list\doubley_linked_list.java
2026.05.01 19:05:51 INFO  no build target found for C:\Users\gujar\OneDrive\Documents\Java\linked_list\doubley_linked_list.java. Using fallback presentation compiler.
2026.05.01 19:05:51 INFO  no build target found for C:\Users\gujar\OneDrive\Documents\Java\linked_list\doubley_linked_list.java. Using fallback presentation compiler.
2026.05.01 19:05:51 INFO  no build target found for C:\Users\gujar\OneDrive\Documents\Java\linked_list\doubley_linked_list.java. Using fallback presentation compiler.
2026.05.01 19:05:51 INFO  no build target found for C:\Users\gujar\OneDrive\Documents\Java\linked_list\doubley_linked_list.java. Using fallback presentation compiler.
2026.05.01 19:05:51 INFO  no build target found for C:\Users\gujar\OneDrive\Documents\Java\linked_list\doubley_linked_list.java. Using fallback presentation compiler.
2026.05.01 19:05:51 INFO  no build target found for C:\Users\gujar\OneDrive\Documents\Java\linked_list\doubley_linked_list.java. Using fallback presentation compiler.
2026.05.01 19:05:51 INFO  no build target found for C:\Users\gujar\OneDrive\Documents\Java\linked_list\doubley_linked_list.java. Using fallback presentation compiler.
2026.05.01 19:05:51 INFO  no build target found for C:\Users\gujar\OneDrive\Documents\Java\linked_list\doubley_linked_list.java. Using fallback presentation compiler.
2026.05.01 19:05:51 INFO  no build target found for C:\Users\gujar\OneDrive\Documents\Java\linked_list\doubley_linked_list.java. Using fallback presentation compiler.
2026.05.01 19:05:52 INFO  no build target found for C:\Users\gujar\OneDrive\Documents\Java\linked_list\doubley_linked_list.java. Using fallback presentation compiler.
2026.05.01 19:05:51 INFO  no build target found for C:\Users\gujar\OneDrive\Documents\Java\linked_list\doubley_linked_list.java. Using fallback presentation compiler.
2026.05.01 19:05:51 INFO  no build target found for C:\Users\gujar\OneDrive\Documents\Java\linked_list\doubley_linked_list.java. Using fallback presentation compiler.
2026.05.01 19:05:52 INFO  no build target found for C:\Users\gujar\OneDrive\Documents\Java\linked_list\doubley_linked_list.java. Using fallback presentation compiler.
2026.05.01 19:05:52 WARN  Running javac-semanticdb failed for file:///C:/Users/gujar/OneDrive/Documents/Java/linked_list/doubley_linked_list.java. Output:

2026.05.01 19:05:52 INFO  no build target found for C:\Users\gujar\OneDrive\Documents\Java\linked_list\doubley_linked_list.java. Using fallback presentation compiler.
2026.05.01 19:05:52 INFO  no build target found for C:\Users\gujar\OneDrive\Documents\Java\linked_list\doubley_linked_list.java. Using fallback presentation compiler.
2026.05.01 19:05:52 INFO  no build target found for C:\Users\gujar\OneDrive\Documents\Java\linked_list\doubley_linked_list.java. Using fallback presentation compiler.
2026.05.01 19:05:53 WARN  no build target for: C:\Users\gujar\OneDrive\Documents\Java\linked_list\doubley_linked_list.java
2026.05.01 19:05:53 INFO  no build target found for C:\Users\gujar\OneDrive\Documents\Java\linked_list\doubley_linked_list.java. Using fallback presentation compiler.
2026.05.01 19:05:52 INFO  no build target found for C:\Users\gujar\OneDrive\Documents\Java\linked_list\doubley_linked_list.java. Using fallback presentation compiler.
2026.05.01 19:06:01 INFO  no build target found for C:\Users\gujar\OneDrive\Documents\Java\linked_list\doubley_linked_list.java. Using fallback presentation compiler.
2026.05.01 19:06:02 INFO  no build target found for C:\Users\gujar\OneDrive\Documents\Java\linked_list\doubley_linked_list.java. Using fallback presentation compiler.
2026.05.01 19:06:02 INFO  no build target found for C:\Users\gujar\OneDrive\Documents\Java\linked_list\doubley_linked_list.java. Using fallback presentation compiler.
2026.05.01 19:06:02 INFO  no build target found for C:\Users\gujar\OneDrive\Documents\Java\linked_list\doubley_linked_list.java. Using fallback presentation compiler.
2026.05.01 19:06:02 INFO  no build target found for C:\Users\gujar\OneDrive\Documents\Java\linked_list\doubley_linked_list.java. Using fallback presentation compiler.
2026.05.01 19:06:02 INFO  no build target found for C:\Users\gujar\OneDrive\Documents\Java\linked_list\doubley_linked_list.java. Using fallback presentation compiler.
2026.05.01 19:06:04 INFO  no build target found for C:\Users\gujar\OneDrive\Documents\Java\linked_list\doubley_linked_list.java. Using fallback presentation compiler.
2026.05.01 19:06:04 INFO  no build target found for C:\Users\gujar\OneDrive\Documents\Java\linked_list\doubley_linked_list.java. Using fallback presentation compiler.
2026.05.01 19:06:04 INFO  no build target found for C:\Users\gujar\OneDrive\Documents\Java\linked_list\doubley_linked_list.java. Using fallback presentation compiler.
2026.05.01 19:06:04 WARN  Running javac-semanticdb failed for file:///C:/Users/gujar/OneDrive/Documents/Java/linked_list/doubley_linked_list.java. Output:

2026.05.01 19:06:04 INFO  no build target found for C:\Users\gujar\OneDrive\Documents\Java\linked_list\doubley_linked_list.java. Using fallback presentation compiler.
2026.05.01 19:06:05 INFO  no build target found for C:\Users\gujar\OneDrive\Documents\Java\linked_list\doubley_linked_list.java. Using fallback presentation compiler.
2026.05.01 19:06:05 INFO  no build target found for C:\Users\gujar\OneDrive\Documents\Java\linked_list\doubley_linked_list.java. Using fallback presentation compiler.
2026.05.01 19:06:05 INFO  no build target found for C:\Users\gujar\OneDrive\Documents\Java\linked_list\doubley_linked_list.java. Using fallback presentation compiler.
2026.05.01 19:06:05 WARN  Running javac-semanticdb failed for file:///C:/Users/gujar/OneDrive/Documents/Java/linked_list/doubley_linked_list.java. Output:

2026.05.01 19:06:05 INFO  no build target found for C:\Users\gujar\OneDrive\Documents\Java\linked_list\doubley_linked_list.java. Using fallback presentation compiler.
2026.05.01 19:06:05 INFO  no build target found for C:\Users\gujar\OneDrive\Documents\Java\linked_list\doubley_linked_list.java. Using fallback presentation compiler.
2026.05.01 19:06:06 INFO  no build target found for C:\Users\gujar\OneDrive\Documents\Java\linked_list\doubley_linked_list.java. Using fallback presentation compiler.
2026.05.01 19:06:06 INFO  no build target found for C:\Users\gujar\OneDrive\Documents\Java\linked_list\doubley_linked_list.java. Using fallback presentation compiler.
2026.05.01 19:06:06 INFO  no build target found for C:\Users\gujar\OneDrive\Documents\Java\linked_list\doubley_linked_list.java. Using fallback presentation compiler.
2026.05.01 19:06:06 INFO  no build target found for C:\Users\gujar\OneDrive\Documents\Java\linked_list\doubley_linked_list.java. Using fallback presentation compiler.
2026.05.01 19:06:06 INFO  no build target found for C:\Users\gujar\OneDrive\Documents\Java\linked_list\doubley_linked_list.java. Using fallback presentation compiler.
2026.05.01 19:06:06 INFO  no build target found for C:\Users\gujar\OneDrive\Documents\Java\linked_list\doubley_linked_list.java. Using fallback presentation compiler.
2026.05.01 19:06:06 WARN  Running javac-semanticdb failed for file:///C:/Users/gujar/OneDrive/Documents/Java/linked_list/doubley_linked_list.java. Output:

2026.05.01 19:06:06 INFO  no build target found for C:\Users\gujar\OneDrive\Documents\Java\linked_list\doubley_linked_list.java. Using fallback presentation compiler.
2026.05.01 19:06:06 INFO  no build target found for C:\Users\gujar\OneDrive\Documents\Java\linked_list\doubley_linked_list.java. Using fallback presentation compiler.
2026.05.01 19:06:06 INFO  no build target found for C:\Users\gujar\OneDrive\Documents\Java\linked_list\doubley_linked_list.java. Using fallback presentation compiler.
2026.05.01 19:06:07 WARN  Running javac-semanticdb failed for file:///C:/Users/gujar/OneDrive/Documents/Java/linked_list/doubley_linked_list.java. Output:

2026.05.01 19:06:06 INFO  no build target found for C:\Users\gujar\OneDrive\Documents\Java\linked_list\doubley_linked_list.java. Using fallback presentation compiler.
2026.05.01 19:06:07 INFO  no build target found for C:\Users\gujar\OneDrive\Documents\Java\linked_list\doubley_linked_list.java. Using fallback presentation compiler.
2026.05.01 19:06:07 INFO  no build target found for C:\Users\gujar\OneDrive\Documents\Java\linked_list\doubley_linked_list.java. Using fallback presentation compiler.
2026.05.01 19:06:07 WARN  Running javac-semanticdb failed for file:///C:/Users/gujar/OneDrive/Documents/Java/linked_list/doubley_linked_list.java. Output:

2026.05.01 19:06:07 INFO  no build target found for C:\Users\gujar\OneDrive\Documents\Java\linked_list\doubley_linked_list.java. Using fallback presentation compiler.
2026.05.01 19:06:07 INFO  no build target found for C:\Users\gujar\OneDrive\Documents\Java\linked_list\doubley_linked_list.java. Using fallback presentation compiler.
2026.05.01 19:06:08 WARN  no build target for: C:\Users\gujar\OneDrive\Documents\Java\linked_list\doubley_linked_list.java
2026.05.01 19:06:08 INFO  no build target found for C:\Users\gujar\OneDrive\Documents\Java\linked_list\doubley_linked_list.java. Using fallback presentation compiler.
2026.05.01 19:06:08 INFO  no build target found for C:\Users\gujar\OneDrive\Documents\Java\linked_list\doubley_linked_list.java. Using fallback presentation compiler.
2026.05.01 19:06:08 INFO  no build target found for C:\Users\gujar\OneDrive\Documents\Java\linked_list\doubley_linked_list.java. Using fallback presentation compiler.
2026.05.01 19:06:08 INFO  no build target found for C:\Users\gujar\OneDrive\Documents\Java\linked_list\doubley_linked_list.java. Using fallback presentation compiler.
2026.05.01 19:06:08 INFO  no build target found for C:\Users\gujar\OneDrive\Documents\Java\linked_list\doubley_linked_list.java. Using fallback presentation compiler.
2026.05.01 19:06:08 INFO  no build target found for C:\Users\gujar\OneDrive\Documents\Java\linked_list\doubley_linked_list.java. Using fallback presentation compiler.
2026.05.01 19:06:08 INFO  no build target found for C:\Users\gujar\OneDrive\Documents\Java\linked_list\doubley_linked_list.java. Using fallback presentation compiler.
2026.05.01 19:06:08 INFO  no build target found for C:\Users\gujar\OneDrive\Documents\Java\linked_list\doubley_linked_list.java. Using fallback presentation compiler.
2026.05.01 19:06:09 INFO  no build target found for C:\Users\gujar\OneDrive\Documents\Java\linked_list\doubley_linked_list.java. Using fallback presentation compiler.
2026.05.01 19:06:09 INFO  no build target found for C:\Users\gujar\OneDrive\Documents\Java\linked_list\doubley_linked_list.java. Using fallback presentation compiler.
2026.05.01 19:06:09 INFO  no build target found for C:\Users\gujar\OneDrive\Documents\Java\linked_list\doubley_linked_list.java. Using fallback presentation compiler.
2026.05.01 19:06:09 INFO  no build target found for C:\Users\gujar\OneDrive\Documents\Java\linked_list\doubley_linked_list.java. Using fallback presentation compiler.
2026.05.01 19:06:10 INFO  no build target found for C:\Users\gujar\OneDrive\Documents\Java\linked_list\doubley_linked_list.java. Using fallback presentation compiler.
2026.05.01 19:06:09 INFO  no build target found for C:\Users\gujar\OneDrive\Documents\Java\linked_list\doubley_linked_list.java. Using fallback presentation compiler.
2026.05.01 19:06:10 WARN  no build target for: C:\Users\gujar\OneDrive\Documents\Java\linked_list\doubley_linked_list.java
2026.05.01 19:06:10 INFO  no build target found for C:\Users\gujar\OneDrive\Documents\Java\linked_list\doubley_linked_list.java. Using fallback presentation compiler.
2026.05.01 19:06:14 INFO  no build target found for C:\Users\gujar\OneDrive\Documents\Java\linked_list\doubley_linked_list.java. Using fallback presentation compiler.
2026.05.01 19:06:16 INFO  no build target found for C:\Users\gujar\OneDrive\Documents\Java\linked_list\doubley_linked_list.java. Using fallback presentation compiler.
2026.05.01 19:06:16 INFO  no build target found for C:\Users\gujar\OneDrive\Documents\Java\linked_list\doubley_linked_list.java. Using fallback presentation compiler.
2026.05.01 19:06:17 INFO  no build target found for C:\Users\gujar\OneDrive\Documents\Java\linked_list\doubley_linked_list.java. Using fallback presentation compiler.
2026.05.01 19:06:16 INFO  no build target found for C:\Users\gujar\OneDrive\Documents\Java\linked_list\doubley_linked_list.java. Using fallback presentation compiler.
2026.05.01 19:06:17 INFO  no build target found for C:\Users\gujar\OneDrive\Documents\Java\linked_list\doubley_linked_list.java. Using fallback presentation compiler.
2026.05.01 19:06:16 INFO  no build target found for C:\Users\gujar\OneDrive\Documents\Java\linked_list\doubley_linked_list.java. Using fallback presentation compiler.
May 01, 2026 7:06:17 PM org.eclipse.lsp4j.jsonrpc.RemoteEndpoint handleCancellation
WARNING: Unmatched cancel notification for request id 909
2026.05.01 19:06:17 INFO  no build target found for C:\Users\gujar\OneDrive\Documents\Java\linked_list\doubley_linked_list.java. Using fallback presentation compiler.
2026.05.01 19:06:17 INFO  no build target found for C:\Users\gujar\OneDrive\Documents\Java\linked_list\doubley_linked_list.java. Using fallback presentation compiler.
2026.05.01 19:06:18 INFO  no build target found for C:\Users\gujar\OneDrive\Documents\Java\linked_list\doubley_linked_list.java. Using fallback presentation compiler.
2026.05.01 19:06:17 INFO  no build target found for C:\Users\gujar\OneDrive\Documents\Java\linked_list\doubley_linked_list.java. Using fallback presentation compiler.
2026.05.01 19:06:17 INFO  no build target found for C:\Users\gujar\OneDrive\Documents\Java\linked_list\doubley_linked_list.java. Using fallback presentation compiler.
2026.05.01 19:06:17 INFO  no build target found for C:\Users\gujar\OneDrive\Documents\Java\linked_list\doubley_linked_list.java. Using fallback presentation compiler.
2026.05.01 19:06:19 WARN  no build target for: C:\Users\gujar\OneDrive\Documents\Java\linked_list\doubley_linked_list.java
2026.05.01 19:06:19 INFO  no build target found for C:\Users\gujar\OneDrive\Documents\Java\linked_list\doubley_linked_list.java. Using fallback presentation compiler.
2026.05.01 19:06:44 INFO  no build target found for C:\Users\gujar\OneDrive\Documents\Java\linked_list\doubley_linked_list.java. Using fallback presentation compiler.
2026.05.01 19:06:44 INFO  no build target found for C:\Users\gujar\OneDrive\Documents\Java\linked_list\doubley_linked_list.java. Using fallback presentation compiler.
2026.05.01 19:06:44 INFO  no build target found for C:\Users\gujar\OneDrive\Documents\Java\linked_list\doubley_linked_list.java. Using fallback presentation compiler.
2026.05.01 19:06:44 INFO  no build target found for C:\Users\gujar\OneDrive\Documents\Java\linked_list\doubley_linked_list.java. Using fallback presentation compiler.
2026.05.01 19:06:45 INFO  no build target found for C:\Users\gujar\OneDrive\Documents\Java\linked_list\doubley_linked_list.java. Using fallback presentation compiler.
2026.05.01 19:06:44 INFO  no build target found for C:\Users\gujar\OneDrive\Documents\Java\linked_list\doubley_linked_list.java. Using fallback presentation compiler.
2026.05.01 19:06:45 INFO  no build target found for C:\Users\gujar\OneDrive\Documents\Java\linked_list\doubley_linked_list.java. Using fallback presentation compiler.
2026.05.01 19:06:45 WARN  no build target for: C:\Users\gujar\OneDrive\Documents\Java\linked_list\doubley_linked_list.java
2026.05.01 19:06:45 INFO  no build target found for C:\Users\gujar\OneDrive\Documents\Java\linked_list\doubley_linked_list.java. Using fallback presentation compiler.
2026.05.01 19:06:47 INFO  no build target found for C:\Users\gujar\OneDrive\Documents\Java\linked_list\doubley_linked_list.java. Using fallback presentation compiler.
2026.05.01 19:06:47 INFO  no build target found for C:\Users\gujar\OneDrive\Documents\Java\linked_list\doubley_linked_list.java. Using fallback presentation compiler.
2026.05.01 19:06:48 WARN  Running javac-semanticdb failed for file:///C:/Users/gujar/OneDrive/Documents/Java/linked_list/doubley_linked_list.java. Output:

2026.05.01 19:06:48 INFO  no build target found for C:\Users\gujar\OneDrive\Documents\Java\linked_list\doubley_linked_list.java. Using fallback presentation compiler.
2026.05.01 19:06:47 INFO  no build target found for C:\Users\gujar\OneDrive\Documents\Java\linked_list\doubley_linked_list.java. Using fallback presentation compiler.
2026.05.01 19:06:47 INFO  no build target found for C:\Users\gujar\OneDrive\Documents\Java\linked_list\doubley_linked_list.java. Using fallback presentation compiler.
2026.05.01 19:06:47 INFO  no build target found for C:\Users\gujar\OneDrive\Documents\Java\linked_list\doubley_linked_list.java. Using fallback presentation compiler.
2026.05.01 19:06:48 INFO  no build target found for C:\Users\gujar\OneDrive\Documents\Java\linked_list\doubley_linked_list.java. Using fallback presentation compiler.
2026.05.01 19:06:48 INFO  no build target found for C:\Users\gujar\OneDrive\Documents\Java\linked_list\doubley_linked_list.java. Using fallback presentation compiler.
2026.05.01 19:06:48 INFO  no build target found for C:\Users\gujar\OneDrive\Documents\Java\linked_list\doubley_linked_list.java. Using fallback presentation compiler.
2026.05.01 19:06:48 INFO  no build target found for C:\Users\gujar\OneDrive\Documents\Java\linked_list\doubley_linked_list.java. Using fallback presentation compiler.
2026.05.01 19:06:49 INFO  no build target found for C:\Users\gujar\OneDrive\Documents\Java\linked_list\doubley_linked_list.java. Using fallback presentation compiler.
2026.05.01 19:06:48 INFO  no build target found for C:\Users\gujar\OneDrive\Documents\Java\linked_list\doubley_linked_list.java. Using fallback presentation compiler.
2026.05.01 19:06:49 WARN  Running javac-semanticdb failed for file:///C:/Users/gujar/OneDrive/Documents/Java/linked_list/doubley_linked_list.java. Output:

2026.05.01 19:06:48 INFO  no build target found for C:\Users\gujar\OneDrive\Documents\Java\linked_list\doubley_linked_list.java. Using fallback presentation compiler.
2026.05.01 19:06:48 INFO  no build target found for C:\Users\gujar\OneDrive\Documents\Java\linked_list\doubley_linked_list.java. Using fallback presentation compiler.
2026.05.01 19:06:49 WARN  Running javac-semanticdb failed for file:///C:/Users/gujar/OneDrive/Documents/Java/linked_list/doubley_linked_list.java. Output:

2026.05.01 19:06:49 INFO  no build target found for C:\Users\gujar\OneDrive\Documents\Java\linked_list\doubley_linked_list.java. Using fallback presentation compiler.
2026.05.01 19:06:50 INFO  no build target found for C:\Users\gujar\OneDrive\Documents\Java\linked_list\doubley_linked_list.java. Using fallback presentation compiler.
2026.05.01 19:06:50 INFO  no build target found for C:\Users\gujar\OneDrive\Documents\Java\linked_list\doubley_linked_list.java. Using fallback presentation compiler.
2026.05.01 19:06:49 WARN  Running javac-semanticdb failed for file:///C:/Users/gujar/OneDrive/Documents/Java/linked_list/doubley_linked_list.java. Output:

2026.05.01 19:06:50 INFO  no build target found for C:\Users\gujar\OneDrive\Documents\Java\linked_list\doubley_linked_list.java. Using fallback presentation compiler.
2026.05.01 19:06:50 INFO  no build target found for C:\Users\gujar\OneDrive\Documents\Java\linked_list\doubley_linked_list.java. Using fallback presentation compiler.
2026.05.01 19:06:51 WARN  no build target for: C:\Users\gujar\OneDrive\Documents\Java\linked_list\doubley_linked_list.java
2026.05.01 19:06:51 INFO  no build target found for C:\Users\gujar\OneDrive\Documents\Java\linked_list\doubley_linked_list.java. Using fallback presentation compiler.
2026.05.01 19:06:51 INFO  no build target found for C:\Users\gujar\OneDrive\Documents\Java\linked_list\doubley_linked_list.java. Using fallback presentation compiler.
2026.05.01 19:06:51 INFO  no build target found for C:\Users\gujar\OneDrive\Documents\Java\linked_list\doubley_linked_list.java. Using fallback presentation compiler.
2026.05.01 19:06:51 INFO  no build target found for C:\Users\gujar\OneDrive\Documents\Java\linked_list\doubley_linked_list.java. Using fallback presentation compiler.
2026.05.01 19:06:51 INFO  no build target found for C:\Users\gujar\OneDrive\Documents\Java\linked_list\doubley_linked_list.java. Using fallback presentation compiler.
2026.05.01 19:06:52 INFO  no build target found for C:\Users\gujar\OneDrive\Documents\Java\linked_list\doubley_linked_list.java. Using fallback presentation compiler.
2026.05.01 19:06:51 INFO  no build target found for C:\Users\gujar\OneDrive\Documents\Java\linked_list\doubley_linked_list.java. Using fallback presentation compiler.
2026.05.01 19:06:52 WARN  Running javac-semanticdb failed for file:///C:/Users/gujar/OneDrive/Documents/Java/linked_list/doubley_linked_list.java. Output:

2026.05.01 19:06:51 INFO  no build target found for C:\Users\gujar\OneDrive\Documents\Java\linked_list\doubley_linked_list.java. Using fallback presentation compiler.
2026.05.01 19:06:51 INFO  no build target found for C:\Users\gujar\OneDrive\Documents\Java\linked_list\doubley_linked_list.java. Using fallback presentation compiler.
2026.05.01 19:06:52 WARN  Running javac-semanticdb failed for file:///C:/Users/gujar/OneDrive/Documents/Java/linked_list/doubley_linked_list.java. Output:

2026.05.01 19:06:52 INFO  no build target found for C:\Users\gujar\OneDrive\Documents\Java\linked_list\doubley_linked_list.java. Using fallback presentation compiler.
2026.05.01 19:06:51 INFO  no build target found for C:\Users\gujar\OneDrive\Documents\Java\linked_list\doubley_linked_list.java. Using fallback presentation compiler.
2026.05.01 19:06:52 INFO  no build target found for C:\Users\gujar\OneDrive\Documents\Java\linked_list\doubley_linked_list.java. Using fallback presentation compiler.
2026.05.01 19:06:52 WARN  Running javac-semanticdb failed for file:///C:/Users/gujar/OneDrive/Documents/Java/linked_list/doubley_linked_list.java. Output:

2026.05.01 19:06:52 INFO  no build target found for C:\Users\gujar\OneDrive\Documents\Java\linked_list\doubley_linked_list.java. Using fallback presentation compiler.
2026.05.01 19:06:52 INFO  no build target found for C:\Users\gujar\OneDrive\Documents\Java\linked_list\doubley_linked_list.java. Using fallback presentation compiler.
2026.05.01 19:06:53 WARN  Running javac-semanticdb failed for file:///C:/Users/gujar/OneDrive/Documents/Java/linked_list/doubley_linked_list.java. Output:

2026.05.01 19:06:52 INFO  no build target found for C:\Users\gujar\OneDrive\Documents\Java\linked_list\doubley_linked_list.java. Using fallback presentation compiler.
2026.05.01 19:06:54 INFO  no build target found for C:\Users\gujar\OneDrive\Documents\Java\linked_list\doubley_linked_list.java. Using fallback presentation compiler.
2026.05.01 19:06:54 INFO  no build target found for C:\Users\gujar\OneDrive\Documents\Java\linked_list\doubley_linked_list.java. Using fallback presentation compiler.
2026.05.01 19:06:54 INFO  no build target found for C:\Users\gujar\OneDrive\Documents\Java\linked_list\doubley_linked_list.java. Using fallback presentation compiler.
2026.05.01 19:06:54 INFO  no build target found for C:\Users\gujar\OneDrive\Documents\Java\linked_list\doubley_linked_list.java. Using fallback presentation compiler.
2026.05.01 19:06:54 INFO  no build target found for C:\Users\gujar\OneDrive\Documents\Java\linked_list\doubley_linked_list.java. Using fallback presentation compiler.
2026.05.01 19:06:54 WARN  Running javac-semanticdb failed for file:///C:/Users/gujar/OneDrive/Documents/Java/linked_list/doubley_linked_list.java. Output:

2026.05.01 19:06:54 INFO  no build target found for C:\Users\gujar\OneDrive\Documents\Java\linked_list\doubley_linked_list.java. Using fallback presentation compiler.
2026.05.01 19:06:54 INFO  no build target found for C:\Users\gujar\OneDrive\Documents\Java\linked_list\doubley_linked_list.java. Using fallback presentation compiler.
2026.05.01 19:06:54 WARN  Running javac-semanticdb failed for file:///C:/Users/gujar/OneDrive/Documents/Java/linked_list/doubley_linked_list.java. Output:

2026.05.01 19:06:54 INFO  no build target found for C:\Users\gujar\OneDrive\Documents\Java\linked_list\doubley_linked_list.java. Using fallback presentation compiler.
2026.05.01 19:06:54 INFO  no build target found for C:\Users\gujar\OneDrive\Documents\Java\linked_list\doubley_linked_list.java. Using fallback presentation compiler.
2026.05.01 19:06:54 INFO  no build target found for C:\Users\gujar\OneDrive\Documents\Java\linked_list\doubley_linked_list.java. Using fallback presentation compiler.
2026.05.01 19:06:55 WARN  Running javac-semanticdb failed for file:///C:/Users/gujar/OneDrive/Documents/Java/linked_list/doubley_linked_list.java. Output:

2026.05.01 19:06:55 INFO  no build target found for C:\Users\gujar\OneDrive\Documents\Java\linked_list\doubley_linked_list.java. Using fallback presentation compiler.
2026.05.01 19:06:55 INFO  no build target found for C:\Users\gujar\OneDrive\Documents\Java\linked_list\doubley_linked_list.java. Using fallback presentation compiler.
2026.05.01 19:06:55 INFO  no build target found for C:\Users\gujar\OneDrive\Documents\Java\linked_list\doubley_linked_list.java. Using fallback presentation compiler.
2026.05.01 19:06:55 INFO  no build target found for C:\Users\gujar\OneDrive\Documents\Java\linked_list\doubley_linked_list.java. Using fallback presentation compiler.
2026.05.01 19:06:55 INFO  no build target found for C:\Users\gujar\OneDrive\Documents\Java\linked_list\doubley_linked_list.java. Using fallback presentation compiler.
2026.05.01 19:06:55 INFO  no build target found for C:\Users\gujar\OneDrive\Documents\Java\linked_list\doubley_linked_list.java. Using fallback presentation compiler.
2026.05.01 19:06:55 INFO  no build target found for C:\Users\gujar\OneDrive\Documents\Java\linked_list\doubley_linked_list.java. Using fallback presentation compiler.
2026.05.01 19:06:55 WARN  Running javac-semanticdb failed for file:///C:/Users/gujar/OneDrive/Documents/Java/linked_list/doubley_linked_list.java. Output:

2026.05.01 19:06:55 INFO  no build target found for C:\Users\gujar\OneDrive\Documents\Java\linked_list\doubley_linked_list.java. Using fallback presentation compiler.
2026.05.01 19:06:55 INFO  no build target found for C:\Users\gujar\OneDrive\Documents\Java\linked_list\doubley_linked_list.java. Using fallback presentation compiler.
2026.05.01 19:06:55 INFO  no build target found for C:\Users\gujar\OneDrive\Documents\Java\linked_list\doubley_linked_list.java. Using fallback presentation compiler.
2026.05.01 19:06:56 WARN  Running javac-semanticdb failed for file:///C:/Users/gujar/OneDrive/Documents/Java/linked_list/doubley_linked_list.java. Output:

2026.05.01 19:06:55 INFO  no build target found for C:\Users\gujar\OneDrive\Documents\Java\linked_list\doubley_linked_list.java. Using fallback presentation compiler.
2026.05.01 19:06:56 INFO  no build target found for C:\Users\gujar\OneDrive\Documents\Java\linked_list\doubley_linked_list.java. Using fallback presentation compiler.
2026.05.01 19:06:56 INFO  no build target found for C:\Users\gujar\OneDrive\Documents\Java\linked_list\doubley_linked_list.java. Using fallback presentation compiler.
2026.05.01 19:06:56 INFO  no build target found for C:\Users\gujar\OneDrive\Documents\Java\linked_list\doubley_linked_list.java. Using fallback presentation compiler.
2026.05.01 19:06:56 WARN  Running javac-semanticdb failed for file:///C:/Users/gujar/OneDrive/Documents/Java/linked_list/doubley_linked_list.java. Output:

2026.05.01 19:06:55 INFO  no build target found for C:\Users\gujar\OneDrive\Documents\Java\linked_list\doubley_linked_list.java. Using fallback presentation compiler.
2026.05.01 19:06:56 INFO  no build target found for C:\Users\gujar\OneDrive\Documents\Java\linked_list\doubley_linked_list.java. Using fallback presentation compiler.
2026.05.01 19:06:56 INFO  no build target found for C:\Users\gujar\OneDrive\Documents\Java\linked_list\doubley_linked_list.java. Using fallback presentation compiler.
2026.05.01 19:06:57 INFO  no build target found for C:\Users\gujar\OneDrive\Documents\Java\linked_list\doubley_linked_list.java. Using fallback presentation compiler.
2026.05.01 19:06:56 INFO  no build target found for C:\Users\gujar\OneDrive\Documents\Java\linked_list\doubley_linked_list.java. Using fallback presentation compiler.
2026.05.01 19:06:56 INFO  no build target found for C:\Users\gujar\OneDrive\Documents\Java\linked_list\doubley_linked_list.java. Using fallback presentation compiler.
2026.05.01 19:06:57 WARN  Running javac-semanticdb failed for file:///C:/Users/gujar/OneDrive/Documents/Java/linked_list/doubley_linked_list.java. Output:

2026.05.01 19:06:57 INFO  no build target found for C:\Users\gujar\OneDrive\Documents\Java\linked_list\doubley_linked_list.java. Using fallback presentation compiler.
2026.05.01 19:06:57 INFO  no build target found for C:\Users\gujar\OneDrive\Documents\Java\linked_list\doubley_linked_list.java. Using fallback presentation compiler.
2026.05.01 19:06:57 INFO  no build target found for C:\Users\gujar\OneDrive\Documents\Java\linked_list\doubley_linked_list.java. Using fallback presentation compiler.
2026.05.01 19:06:57 WARN  Running javac-semanticdb failed for file:///C:/Users/gujar/OneDrive/Documents/Java/linked_list/doubley_linked_list.java. Output:

2026.05.01 19:06:57 INFO  no build target found for C:\Users\gujar\OneDrive\Documents\Java\linked_list\doubley_linked_list.java. Using fallback presentation compiler.
2026.05.01 19:06:57 INFO  no build target found for C:\Users\gujar\OneDrive\Documents\Java\linked_list\doubley_linked_list.java. Using fallback presentation compiler.
2026.05.01 19:06:58 WARN  no build target for: C:\Users\gujar\OneDrive\Documents\Java\linked_list\doubley_linked_list.java
2026.05.01 19:06:58 INFO  no build target found for C:\Users\gujar\OneDrive\Documents\Java\linked_list\doubley_linked_list.java. Using fallback presentation compiler.
2026.05.01 19:07:09 INFO  no build target found for C:\Users\gujar\OneDrive\Documents\Java\linked_list\doubley_linked_list.java. Using fallback presentation compiler.
2026.05.01 19:07:09 INFO  no build target found for C:\Users\gujar\OneDrive\Documents\Java\linked_list\doubley_linked_list.java. Using fallback presentation compiler.
2026.05.01 19:07:09 INFO  no build target found for C:\Users\gujar\OneDrive\Documents\Java\linked_list\doubley_linked_list.java. Using fallback presentation compiler.
2026.05.01 19:07:11 INFO  no build target found for C:\Users\gujar\OneDrive\Documents\Java\linked_list\doubley_linked_list.java. Using fallback presentation compiler.
2026.05.01 19:07:11 WARN  no build target for: C:\Users\gujar\OneDrive\Documents\Java\linked_list\doubley_linked_list.java
2026.05.01 19:07:11 INFO  no build target found for C:\Users\gujar\OneDrive\Documents\Java\linked_list\doubley_linked_list.java. Using fallback presentation compiler.
2026.05.01 19:07:16 INFO  no build target found for C:\Users\gujar\OneDrive\Documents\Java\linked_list\doubley_linked_list.java. Using fallback presentation compiler.
2026.05.01 19:07:16 INFO  no build target found for C:\Users\gujar\OneDrive\Documents\Java\linked_list\doubley_linked_list.java. Using fallback presentation compiler.
2026.05.01 19:07:16 INFO  no build target found for C:\Users\gujar\OneDrive\Documents\Java\linked_list\doubley_linked_list.java. Using fallback presentation compiler.
2026.05.01 19:07:17 INFO  no build target found for C:\Users\gujar\OneDrive\Documents\Java\linked_list\doubley_linked_list.java. Using fallback presentation compiler.
2026.05.01 19:07:16 INFO  no build target found for C:\Users\gujar\OneDrive\Documents\Java\linked_list\doubley_linked_list.java. Using fallback presentation compiler.
2026.05.01 19:07:16 INFO  no build target found for C:\Users\gujar\OneDrive\Documents\Java\linked_list\doubley_linked_list.java. Using fallback presentation compiler.
2026.05.01 19:07:17 INFO  no build target found for C:\Users\gujar\OneDrive\Documents\Java\linked_list\doubley_linked_list.java. Using fallback presentation compiler.
2026.05.01 19:07:16 INFO  no build target found for C:\Users\gujar\OneDrive\Documents\Java\linked_list\doubley_linked_list.java. Using fallback presentation compiler.
May 01, 2026 7:07:17 PM org.eclipse.lsp4j.jsonrpc.RemoteEndpoint handleCancellation
WARNING: Unmatched cancel notification for request id 1101
2026.05.01 19:07:16 INFO  no build target found for C:\Users\gujar\OneDrive\Documents\Java\linked_list\doubley_linked_list.java. Using fallback presentation compiler.
2026.05.01 19:07:18 INFO  no build target found for C:\Users\gujar\OneDrive\Documents\Java\linked_list\doubley_linked_list.java. Using fallback presentation compiler.
2026.05.01 19:07:17 INFO  no build target found for C:\Users\gujar\OneDrive\Documents\Java\linked_list\doubley_linked_list.java. Using fallback presentation compiler.
2026.05.01 19:07:18 INFO  no build target found for C:\Users\gujar\OneDrive\Documents\Java\linked_list\doubley_linked_list.java. Using fallback presentation compiler.
2026.05.01 19:07:18 INFO  no build target found for C:\Users\gujar\OneDrive\Documents\Java\linked_list\doubley_linked_list.java. Using fallback presentation compiler.
2026.05.01 19:07:19 WARN  no build target for: C:\Users\gujar\OneDrive\Documents\Java\linked_list\doubley_linked_list.java
2026.05.01 19:07:19 INFO  no build target found for C:\Users\gujar\OneDrive\Documents\Java\linked_list\doubley_linked_list.java. Using fallback presentation compiler.
2026.05.01 19:07:23 INFO  no build target found for C:\Users\gujar\OneDrive\Documents\Java\linked_list\doubley_linked_list.java. Using fallback presentation compiler.
2026.05.01 19:07:23 INFO  no build target found for C:\Users\gujar\OneDrive\Documents\Java\linked_list\doubley_linked_list.java. Using fallback presentation compiler.
2026.05.01 19:07:23 INFO  no build target found for C:\Users\gujar\OneDrive\Documents\Java\linked_list\doubley_linked_list.java. Using fallback presentation compiler.
2026.05.01 19:07:23 INFO  no build target found for C:\Users\gujar\OneDrive\Documents\Java\linked_list\doubley_linked_list.java. Using fallback presentation compiler.
2026.05.01 19:07:23 INFO  no build target found for C:\Users\gujar\OneDrive\Documents\Java\linked_list\doubley_linked_list.java. Using fallback presentation compiler.
2026.05.01 19:07:23 INFO  no build target found for C:\Users\gujar\OneDrive\Documents\Java\linked_list\doubley_linked_list.java. Using fallback presentation compiler.
2026.05.01 19:07:23 INFO  no build target found for C:\Users\gujar\OneDrive\Documents\Java\linked_list\doubley_linked_list.java. Using fallback presentation compiler.
2026.05.01 19:07:23 INFO  no build target found for C:\Users\gujar\OneDrive\Documents\Java\linked_list\doubley_linked_list.java. Using fallback presentation compiler.
2026.05.01 19:07:24 INFO  no build target found for C:\Users\gujar\OneDrive\Documents\Java\linked_list\doubley_linked_list.java. Using fallback presentation compiler.
2026.05.01 19:07:24 INFO  no build target found for C:\Users\gujar\OneDrive\Documents\Java\linked_list\doubley_linked_list.java. Using fallback presentation compiler.
2026.05.01 19:07:24 INFO  no build target found for C:\Users\gujar\OneDrive\Documents\Java\linked_list\doubley_linked_list.java. Using fallback presentation compiler.
2026.05.01 19:07:24 INFO  no build target found for C:\Users\gujar\OneDrive\Documents\Java\linked_list\doubley_linked_list.java. Using fallback presentation compiler.
2026.05.01 19:07:25 WARN  no build target for: C:\Users\gujar\OneDrive\Documents\Java\linked_list\doubley_linked_list.java
2026.05.01 19:07:25 INFO  no build target found for C:\Users\gujar\OneDrive\Documents\Java\linked_list\doubley_linked_list.java. Using fallback presentation compiler.
2026.05.01 19:07:25 INFO  no build target found for C:\Users\gujar\OneDrive\Documents\Java\linked_list\doubley_linked_list.java. Using fallback presentation compiler.
2026.05.01 19:07:25 WARN  Running javac-semanticdb failed for file:///C:/Users/gujar/OneDrive/Documents/Java/linked_list/doubley_linked_list.java. Output:

2026.05.01 19:07:25 INFO  no build target found for C:\Users\gujar\OneDrive\Documents\Java\linked_list\doubley_linked_list.java. Using fallback presentation compiler.
2026.05.01 19:07:25 INFO  no build target found for C:\Users\gujar\OneDrive\Documents\Java\linked_list\doubley_linked_list.java. Using fallback presentation compiler.
2026.05.01 19:07:25 INFO  no build target found for C:\Users\gujar\OneDrive\Documents\Java\linked_list\doubley_linked_list.java. Using fallback presentation compiler.
2026.05.01 19:07:25 INFO  no build target found for C:\Users\gujar\OneDrive\Documents\Java\linked_list\doubley_linked_list.java. Using fallback presentation compiler.
2026.05.01 19:07:26 WARN  Running javac-semanticdb failed for file:///C:/Users/gujar/OneDrive/Documents/Java/linked_list/doubley_linked_list.java. Output:

2026.05.01 19:07:25 INFO  no build target found for C:\Users\gujar\OneDrive\Documents\Java\linked_list\doubley_linked_list.java. Using fallback presentation compiler.
2026.05.01 19:07:25 INFO  no build target found for C:\Users\gujar\OneDrive\Documents\Java\linked_list\doubley_linked_list.java. Using fallback presentation compiler.
2026.05.01 19:07:25 INFO  no build target found for C:\Users\gujar\OneDrive\Documents\Java\linked_list\doubley_linked_list.java. Using fallback presentation compiler.
2026.05.01 19:07:25 INFO  no build target found for C:\Users\gujar\OneDrive\Documents\Java\linked_list\doubley_linked_list.java. Using fallback presentation compiler.
2026.05.01 19:07:26 INFO  no build target found for C:\Users\gujar\OneDrive\Documents\Java\linked_list\doubley_linked_list.java. Using fallback presentation compiler.
May 01, 2026 7:07:26 PM org.eclipse.lsp4j.jsonrpc.RemoteEndpoint handleCancellation
WARNING: Unmatched cancel notification for request id 1160
2026.05.01 19:07:26 WARN  Running javac-semanticdb failed for file:///C:/Users/gujar/OneDrive/Documents/Java/linked_list/doubley_linked_list.java. Output:

2026.05.01 19:07:26 INFO  no build target found for C:\Users\gujar\OneDrive\Documents\Java\linked_list\doubley_linked_list.java. Using fallback presentation compiler.
2026.05.01 19:07:26 INFO  no build target found for C:\Users\gujar\OneDrive\Documents\Java\linked_list\doubley_linked_list.java. Using fallback presentation compiler.
2026.05.01 19:07:26 INFO  no build target found for C:\Users\gujar\OneDrive\Documents\Java\linked_list\doubley_linked_list.java. Using fallback presentation compiler.
2026.05.01 19:07:26 WARN  Running javac-semanticdb failed for file:///C:/Users/gujar/OneDrive/Documents/Java/linked_list/doubley_linked_list.java. Output:

2026.05.01 19:07:26 INFO  no build target found for C:\Users\gujar\OneDrive\Documents\Java\linked_list\doubley_linked_list.java. Using fallback presentation compiler.
2026.05.01 19:07:26 INFO  no build target found for C:\Users\gujar\OneDrive\Documents\Java\linked_list\doubley_linked_list.java. Using fallback presentation compiler.
2026.05.01 19:07:26 INFO  no build target found for C:\Users\gujar\OneDrive\Documents\Java\linked_list\doubley_linked_list.java. Using fallback presentation compiler.
2026.05.01 19:07:26 INFO  no build target found for C:\Users\gujar\OneDrive\Documents\Java\linked_list\doubley_linked_list.java. Using fallback presentation compiler.
2026.05.01 19:07:27 INFO  no build target found for C:\Users\gujar\OneDrive\Documents\Java\linked_list\doubley_linked_list.java. Using fallback presentation compiler.
2026.05.01 19:07:26 INFO  no build target found for C:\Users\gujar\OneDrive\Documents\Java\linked_list\doubley_linked_list.java. Using fallback presentation compiler.
2026.05.01 19:07:27 WARN  Running javac-semanticdb failed for file:///C:/Users/gujar/OneDrive/Documents/Java/linked_list/doubley_linked_list.java. Output:

2026.05.01 19:07:27 INFO  no build target found for C:\Users\gujar\OneDrive\Documents\Java\linked_list\doubley_linked_list.java. Using fallback presentation compiler.
2026.05.01 19:07:27 WARN  Running javac-semanticdb failed for file:///C:/Users/gujar/OneDrive/Documents/Java/linked_list/doubley_linked_list.java. Output:

2026.05.01 19:07:27 INFO  no build target found for C:\Users\gujar\OneDrive\Documents\Java\linked_list\doubley_linked_list.java. Using fallback presentation compiler.
2026.05.01 19:07:27 INFO  no build target found for C:\Users\gujar\OneDrive\Documents\Java\linked_list\doubley_linked_list.java. Using fallback presentation compiler.
2026.05.01 19:07:28 INFO  no build target found for C:\Users\gujar\OneDrive\Documents\Java\linked_list\doubley_linked_list.java. Using fallback presentation compiler.
2026.05.01 19:07:28 WARN  Running javac-semanticdb failed for file:///C:/Users/gujar/OneDrive/Documents/Java/linked_list/doubley_linked_list.java. Output:

2026.05.01 19:07:28 INFO  no build target found for C:\Users\gujar\OneDrive\Documents\Java\linked_list\doubley_linked_list.java. Using fallback presentation compiler.
2026.05.01 19:07:28 INFO  no build target found for C:\Users\gujar\OneDrive\Documents\Java\linked_list\doubley_linked_list.java. Using fallback presentation compiler.
May 01, 2026 7:07:29 PM org.eclipse.lsp4j.jsonrpc.RemoteEndpoint handleCancellation
WARNING: Unmatched cancel notification for request id 1189
2026.05.01 19:07:28 INFO  no build target found for C:\Users\gujar\OneDrive\Documents\Java\linked_list\doubley_linked_list.java. Using fallback presentation compiler.
2026.05.01 19:07:28 INFO  no build target found for C:\Users\gujar\OneDrive\Documents\Java\linked_list\doubley_linked_list.java. Using fallback presentation compiler.
2026.05.01 19:07:29 WARN  Running javac-semanticdb failed for file:///C:/Users/gujar/OneDrive/Documents/Java/linked_list/doubley_linked_list.java. Output:

2026.05.01 19:07:29 INFO  no build target found for C:\Users\gujar\OneDrive\Documents\Java\linked_list\doubley_linked_list.java. Using fallback presentation compiler.
2026.05.01 19:07:30 INFO  no build target found for C:\Users\gujar\OneDrive\Documents\Java\linked_list\doubley_linked_list.java. Using fallback presentation compiler.
2026.05.01 19:07:30 INFO  no build target found for C:\Users\gujar\OneDrive\Documents\Java\linked_list\doubley_linked_list.java. Using fallback presentation compiler.
2026.05.01 19:07:30 WARN  no build target for: C:\Users\gujar\OneDrive\Documents\Java\linked_list\doubley_linked_list.java
2026.05.01 19:07:30 INFO  no build target found for C:\Users\gujar\OneDrive\Documents\Java\linked_list\doubley_linked_list.java. Using fallback presentation compiler.
2026.05.01 19:07:30 WARN  Running javac-semanticdb failed for file:///C:/Users/gujar/OneDrive/Documents/Java/linked_list/doubley_linked_list.java. Output:

2026.05.01 19:07:30 INFO  no build target found for C:\Users\gujar\OneDrive\Documents\Java\linked_list\doubley_linked_list.java. Using fallback presentation compiler.
2026.05.01 19:07:30 INFO  no build target found for C:\Users\gujar\OneDrive\Documents\Java\linked_list\doubley_linked_list.java. Using fallback presentation compiler.
2026.05.01 19:07:31 INFO  no build target found for C:\Users\gujar\OneDrive\Documents\Java\linked_list\doubley_linked_list.java. Using fallback presentation compiler.
2026.05.01 19:07:31 WARN  no build target for: C:\Users\gujar\OneDrive\Documents\Java\linked_list\doubley_linked_list.java
2026.05.01 19:07:31 INFO  no build target found for C:\Users\gujar\OneDrive\Documents\Java\linked_list\doubley_linked_list.java. Using fallback presentation compiler.
2026.05.01 19:07:31 INFO  no build target found for C:\Users\gujar\OneDrive\Documents\Java\linked_list\doubley_linked_list.java. Using fallback presentation compiler.
2026.05.01 19:07:31 INFO  no build target found for C:\Users\gujar\OneDrive\Documents\Java\linked_list\doubley_linked_list.java. Using fallback presentation compiler.
2026.05.01 19:07:31 INFO  no build target found for C:\Users\gujar\OneDrive\Documents\Java\linked_list\doubley_linked_list.java. Using fallback presentation compiler.
2026.05.01 19:07:31 INFO  no build target found for C:\Users\gujar\OneDrive\Documents\Java\linked_list\doubley_linked_list.java. Using fallback presentation compiler.
2026.05.01 19:07:31 INFO  no build target found for C:\Users\gujar\OneDrive\Documents\Java\linked_list\doubley_linked_list.java. Using fallback presentation compiler.
2026.05.01 19:07:31 INFO  no build target found for C:\Users\gujar\OneDrive\Documents\Java\linked_list\doubley_linked_list.java. Using fallback presentation compiler.
2026.05.01 19:07:31 INFO  no build target found for C:\Users\gujar\OneDrive\Documents\Java\linked_list\doubley_linked_list.java. Using fallback presentation compiler.
2026.05.01 19:07:32 INFO  no build target found for C:\Users\gujar\OneDrive\Documents\Java\linked_list\doubley_linked_list.java. Using fallback presentation compiler.
2026.05.01 19:07:32 INFO  no build target found for C:\Users\gujar\OneDrive\Documents\Java\linked_list\doubley_linked_list.java. Using fallback presentation compiler.
2026.05.01 19:07:32 INFO  no build target found for C:\Users\gujar\OneDrive\Documents\Java\linked_list\doubley_linked_list.java. Using fallback presentation compiler.
2026.05.01 19:07:32 INFO  no build target found for C:\Users\gujar\OneDrive\Documents\Java\linked_list\doubley_linked_list.java. Using fallback presentation compiler.
2026.05.01 19:07:32 INFO  no build target found for C:\Users\gujar\OneDrive\Documents\Java\linked_list\doubley_linked_list.java. Using fallback presentation compiler.
2026.05.01 19:07:32 INFO  no build target found for C:\Users\gujar\OneDrive\Documents\Java\linked_list\doubley_linked_list.java. Using fallback presentation compiler.
2026.05.01 19:07:33 INFO  no build target found for C:\Users\gujar\OneDrive\Documents\Java\linked_list\doubley_linked_list.java. Using fallback presentation compiler.
2026.05.01 19:07:33 INFO  no build target found for C:\Users\gujar\OneDrive\Documents\Java\linked_list\doubley_linked_list.java. Using fallback presentation compiler.
2026.05.01 19:07:33 INFO  no build target found for C:\Users\gujar\OneDrive\Documents\Java\linked_list\doubley_linked_list.java. Using fallback presentation compiler.
2026.05.01 19:07:33 INFO  no build target found for C:\Users\gujar\OneDrive\Documents\Java\linked_list\doubley_linked_list.java. Using fallback presentation compiler.
2026.05.01 19:07:33 INFO  no build target found for C:\Users\gujar\OneDrive\Documents\Java\linked_list\doubley_linked_list.java. Using fallback presentation compiler.
2026.05.01 19:07:33 INFO  no build target found for C:\Users\gujar\OneDrive\Documents\Java\linked_list\doubley_linked_list.java. Using fallback presentation compiler.
2026.05.01 19:07:33 INFO  no build target found for C:\Users\gujar\OneDrive\Documents\Java\linked_list\doubley_linked_list.java. Using fallback presentation compiler.
2026.05.01 19:07:34 WARN  no build target for: C:\Users\gujar\OneDrive\Documents\Java\linked_list\doubley_linked_list.java
2026.05.01 19:07:34 INFO  no build target found for C:\Users\gujar\OneDrive\Documents\Java\linked_list\doubley_linked_list.java. Using fallback presentation compiler.
2026.05.01 19:07:37 INFO  no build target found for C:\Users\gujar\OneDrive\Documents\Java\linked_list\doubley_linked_list.java. Using fallback presentation compiler.
2026.05.01 19:07:37 INFO  no build target found for C:\Users\gujar\OneDrive\Documents\Java\linked_list\doubley_linked_list.java. Using fallback presentation compiler.
2026.05.01 19:07:37 INFO  no build target found for C:\Users\gujar\OneDrive\Documents\Java\linked_list\doubley_linked_list.java. Using fallback presentation compiler.
2026.05.01 19:07:37 INFO  no build target found for C:\Users\gujar\OneDrive\Documents\Java\linked_list\doubley_linked_list.java. Using fallback presentation compiler.
2026.05.01 19:07:39 INFO  no build target found for C:\Users\gujar\OneDrive\Documents\Java\linked_list\doubley_linked_list.java. Using fallback presentation compiler.
2026.05.01 19:07:39 INFO  no build target found for C:\Users\gujar\OneDrive\Documents\Java\linked_list\doubley_linked_list.java. Using fallback presentation compiler.
2026.05.01 19:07:39 INFO  no build target found for C:\Users\gujar\OneDrive\Documents\Java\linked_list\doubley_linked_list.java. Using fallback presentation compiler.
2026.05.01 19:07:39 INFO  no build target found for C:\Users\gujar\OneDrive\Documents\Java\linked_list\doubley_linked_list.java. Using fallback presentation compiler.
2026.05.01 19:07:39 INFO  no build target found for C:\Users\gujar\OneDrive\Documents\Java\linked_list\doubley_linked_list.java. Using fallback presentation compiler.
2026.05.01 19:07:39 INFO  no build target found for C:\Users\gujar\OneDrive\Documents\Java\linked_list\doubley_linked_list.java. Using fallback presentation compiler.
2026.05.01 19:07:39 INFO  no build target found for C:\Users\gujar\OneDrive\Documents\Java\linked_list\doubley_linked_list.java. Using fallback presentation compiler.
2026.05.01 19:07:39 INFO  no build target found for C:\Users\gujar\OneDrive\Documents\Java\linked_list\doubley_linked_list.java. Using fallback presentation compiler.
2026.05.01 19:07:40 INFO  no build target found for C:\Users\gujar\OneDrive\Documents\Java\linked_list\doubley_linked_list.java. Using fallback presentation compiler.
2026.05.01 19:07:40 INFO  no build target found for C:\Users\gujar\OneDrive\Documents\Java\linked_list\doubley_linked_list.java. Using fallback presentation compiler.
2026.05.01 19:07:40 INFO  no build target found for C:\Users\gujar\OneDrive\Documents\Java\linked_list\doubley_linked_list.java. Using fallback presentation compiler.
2026.05.01 19:07:40 WARN  no build target for: C:\Users\gujar\OneDrive\Documents\Java\linked_list\doubley_linked_list.java
2026.05.01 19:07:40 INFO  no build target found for C:\Users\gujar\OneDrive\Documents\Java\linked_list\doubley_linked_list.java. Using fallback presentation compiler.
2026.05.01 19:07:40 INFO  no build target found for C:\Users\gujar\OneDrive\Documents\Java\linked_list\doubley_linked_list.java. Using fallback presentation compiler.
2026.05.01 19:07:41 INFO  no build target found for C:\Users\gujar\OneDrive\Documents\Java\linked_list\doubley_linked_list.java. Using fallback presentation compiler.
2026.05.01 19:07:41 INFO  no build target found for C:\Users\gujar\OneDrive\Documents\Java\linked_list\doubley_linked_list.java. Using fallback presentation compiler.
2026.05.01 19:07:41 INFO  no build target found for C:\Users\gujar\OneDrive\Documents\Java\linked_list\doubley_linked_list.java. Using fallback presentation compiler.
2026.05.01 19:07:41 INFO  no build target found for C:\Users\gujar\OneDrive\Documents\Java\linked_list\doubley_linked_list.java. Using fallback presentation compiler.
2026.05.01 19:07:42 INFO  no build target found for C:\Users\gujar\OneDrive\Documents\Java\linked_list\doubley_linked_list.java. Using fallback presentation compiler.
2026.05.01 19:07:41 INFO  no build target found for C:\Users\gujar\OneDrive\Documents\Java\linked_list\doubley_linked_list.java. Using fallback presentation compiler.
2026.05.01 19:07:41 INFO  no build target found for C:\Users\gujar\OneDrive\Documents\Java\linked_list\doubley_linked_list.java. Using fallback presentation compiler.
2026.05.01 19:07:42 INFO  no build target found for C:\Users\gujar\OneDrive\Documents\Java\linked_list\doubley_linked_list.java. Using fallback presentation compiler.
2026.05.01 19:07:41 INFO  no build target found for C:\Users\gujar\OneDrive\Documents\Java\linked_list\doubley_linked_list.java. Using fallback presentation compiler.
2026.05.01 19:07:41 INFO  no build target found for C:\Users\gujar\OneDrive\Documents\Java\linked_list\doubley_linked_list.java. Using fallback presentation compiler.
2026.05.01 19:07:41 INFO  no build target found for C:\Users\gujar\OneDrive\Documents\Java\linked_list\doubley_linked_list.java. Using fallback presentation compiler.
2026.05.01 19:07:42 INFO  no build target found for C:\Users\gujar\OneDrive\Documents\Java\linked_list\doubley_linked_list.java. Using fallback presentation compiler.
2026.05.01 19:07:43 INFO  no build target found for C:\Users\gujar\OneDrive\Documents\Java\linked_list\doubley_linked_list.java. Using fallback presentation compiler.
2026.05.01 19:07:42 INFO  no build target found for C:\Users\gujar\OneDrive\Documents\Java\linked_list\doubley_linked_list.java. Using fallback presentation compiler.
2026.05.01 19:07:43 WARN  no build target for: C:\Users\gujar\OneDrive\Documents\Java\linked_list\doubley_linked_list.java
2026.05.01 19:07:43 INFO  no build target found for C:\Users\gujar\OneDrive\Documents\Java\linked_list\doubley_linked_list.java. Using fallback presentation compiler.
2026.05.01 19:07:44 INFO  no build target found for C:\Users\gujar\OneDrive\Documents\Java\linked_list\doubley_linked_list.java. Using fallback presentation compiler.
2026.05.01 19:07:44 INFO  no build target found for C:\Users\gujar\OneDrive\Documents\Java\linked_list\doubley_linked_list.java. Using fallback presentation compiler.
2026.05.01 19:07:44 INFO  no build target found for C:\Users\gujar\OneDrive\Documents\Java\linked_list\doubley_linked_list.java. Using fallback presentation compiler.
2026.05.01 19:07:44 WARN  Running javac-semanticdb failed for file:///C:/Users/gujar/OneDrive/Documents/Java/linked_list/doubley_linked_list.java. Output:

2026.05.01 19:07:44 INFO  no build target found for C:\Users\gujar\OneDrive\Documents\Java\linked_list\doubley_linked_list.java. Using fallback presentation compiler.
2026.05.01 19:07:44 INFO  no build target found for C:\Users\gujar\OneDrive\Documents\Java\linked_list\doubley_linked_list.java. Using fallback presentation compiler.
2026.05.01 19:07:45 WARN  no build target for: C:\Users\gujar\OneDrive\Documents\Java\linked_list\doubley_linked_list.java
2026.05.01 19:07:45 INFO  no build target found for C:\Users\gujar\OneDrive\Documents\Java\linked_list\doubley_linked_list.java. Using fallback presentation compiler.
2026.05.01 19:07:46 INFO  no build target found for C:\Users\gujar\OneDrive\Documents\Java\linked_list\doubley_linked_list.java. Using fallback presentation compiler.
2026.05.01 19:07:46 INFO  no build target found for C:\Users\gujar\OneDrive\Documents\Java\linked_list\doubley_linked_list.java. Using fallback presentation compiler.
2026.05.01 19:07:47 INFO  no build target found for C:\Users\gujar\OneDrive\Documents\Java\linked_list\doubley_linked_list.java. Using fallback presentation compiler.
2026.05.01 19:07:47 INFO  no build target found for C:\Users\gujar\OneDrive\Documents\Java\linked_list\doubley_linked_list.java. Using fallback presentation compiler.
2026.05.01 19:07:47 INFO  no build target found for C:\Users\gujar\OneDrive\Documents\Java\linked_list\doubley_linked_list.java. Using fallback presentation compiler.
2026.05.01 19:07:47 INFO  no build target found for C:\Users\gujar\OneDrive\Documents\Java\linked_list\doubley_linked_list.java. Using fallback presentation compiler.
2026.05.01 19:07:48 INFO  no build target found for C:\Users\gujar\OneDrive\Documents\Java\linked_list\doubley_linked_list.java. Using fallback presentation compiler.
2026.05.01 19:07:47 INFO  no build target found for C:\Users\gujar\OneDrive\Documents\Java\linked_list\doubley_linked_list.java. Using fallback presentation compiler.
2026.05.01 19:07:49 INFO  no build target found for C:\Users\gujar\OneDrive\Documents\Java\linked_list\doubley_linked_list.java. Using fallback presentation compiler.
2026.05.01 19:07:49 INFO  no build target found for C:\Users\gujar\OneDrive\Documents\Java\linked_list\doubley_linked_list.java. Using fallback presentation compiler.
2026.05.01 19:07:49 INFO  no build target found for C:\Users\gujar\OneDrive\Documents\Java\linked_list\doubley_linked_list.java. Using fallback presentation compiler.
2026.05.01 19:07:49 INFO  no build target found for C:\Users\gujar\OneDrive\Documents\Java\linked_list\doubley_linked_list.java. Using fallback presentation compiler.
2026.05.01 19:07:50 WARN  no build target for: C:\Users\gujar\OneDrive\Documents\Java\linked_list\doubley_linked_list.java
2026.05.01 19:07:50 INFO  no build target found for C:\Users\gujar\OneDrive\Documents\Java\linked_list\doubley_linked_list.java. Using fallback presentation compiler.
2026.05.01 19:07:51 INFO  no build target found for C:\Users\gujar\OneDrive\Documents\Java\linked_list\doubley_linked_list.java. Using fallback presentation compiler.
2026.05.01 19:07:54 INFO  no build target found for C:\Users\gujar\OneDrive\Documents\Java\linked_list\doubley_linked_list.java. Using fallback presentation compiler.
2026.05.01 19:07:56 INFO  no build target found for C:\Users\gujar\OneDrive\Documents\Java\linked_list\doubley_linked_list.java. Using fallback presentation compiler.
2026.05.01 19:07:57 INFO  no build target found for C:\Users\gujar\OneDrive\Documents\Java\linked_list\doubley_linked_list.java. Using fallback presentation compiler.
2026.05.01 19:07:57 INFO  no build target found for C:\Users\gujar\OneDrive\Documents\Java\linked_list\doubley_linked_list.java. Using fallback presentation compiler.
2026.05.01 19:07:58 WARN  no build target for: C:\Users\gujar\OneDrive\Documents\Java\linked_list\doubley_linked_list.java
2026.05.01 19:07:57 INFO  no build target found for C:\Users\gujar\OneDrive\Documents\Java\linked_list\doubley_linked_list.java. Using fallback presentation compiler.
2026.05.01 19:07:59 INFO  no build target found for C:\Users\gujar\OneDrive\Documents\Java\linked_list\doubley_linked_list.java. Using fallback presentation compiler.
2026.05.01 19:07:59 INFO  no build target found for C:\Users\gujar\OneDrive\Documents\Java\linked_list\doubley_linked_list.java. Using fallback presentation compiler.
2026.05.01 19:07:59 INFO  no build target found for C:\Users\gujar\OneDrive\Documents\Java\linked_list\doubley_linked_list.java. Using fallback presentation compiler.
2026.05.01 19:07:59 INFO  no build target found for C:\Users\gujar\OneDrive\Documents\Java\linked_list\doubley_linked_list.java. Using fallback presentation compiler.
2026.05.01 19:07:59 INFO  no build target found for C:\Users\gujar\OneDrive\Documents\Java\linked_list\doubley_linked_list.java. Using fallback presentation compiler.
2026.05.01 19:07:59 INFO  no build target found for C:\Users\gujar\OneDrive\Documents\Java\linked_list\doubley_linked_list.java. Using fallback presentation compiler.
2026.05.01 19:07:59 INFO  no build target found for C:\Users\gujar\OneDrive\Documents\Java\linked_list\doubley_linked_list.java. Using fallback presentation compiler.
2026.05.01 19:07:59 INFO  no build target found for C:\Users\gujar\OneDrive\Documents\Java\linked_list\doubley_linked_list.java. Using fallback presentation compiler.
2026.05.01 19:07:59 INFO  no build target found for C:\Users\gujar\OneDrive\Documents\Java\linked_list\doubley_linked_list.java. Using fallback presentation compiler.
2026.05.01 19:08:00 INFO  no build target found for C:\Users\gujar\OneDrive\Documents\Java\linked_list\doubley_linked_list.java. Using fallback presentation compiler.
2026.05.01 19:08:00 INFO  no build target found for C:\Users\gujar\OneDrive\Documents\Java\linked_list\doubley_linked_list.java. Using fallback presentation compiler.
2026.05.01 19:08:00 INFO  no build target found for C:\Users\gujar\OneDrive\Documents\Java\linked_list\doubley_linked_list.java. Using fallback presentation compiler.
2026.05.01 19:08:00 INFO  no build target found for C:\Users\gujar\OneDrive\Documents\Java\linked_list\doubley_linked_list.java. Using fallback presentation compiler.
2026.05.01 19:07:59 INFO  no build target found for C:\Users\gujar\OneDrive\Documents\Java\linked_list\doubley_linked_list.java. Using fallback presentation compiler.
2026.05.01 19:08:00 INFO  no build target found for C:\Users\gujar\OneDrive\Documents\Java\linked_list\doubley_linked_list.java. Using fallback presentation compiler.
2026.05.01 19:08:00 INFO  no build target found for C:\Users\gujar\OneDrive\Documents\Java\linked_list\doubley_linked_list.java. Using fallback presentation compiler.
2026.05.01 19:08:00 INFO  no build target found for C:\Users\gujar\OneDrive\Documents\Java\linked_list\doubley_linked_list.java. Using fallback presentation compiler.
2026.05.01 19:08:01 INFO  no build target found for C:\Users\gujar\OneDrive\Documents\Java\linked_list\doubley_linked_list.java. Using fallback presentation compiler.
2026.05.01 19:08:00 INFO  no build target found for C:\Users\gujar\OneDrive\Documents\Java\linked_list\doubley_linked_list.java. Using fallback presentation compiler.
2026.05.01 19:08:01 INFO  no build target found for C:\Users\gujar\OneDrive\Documents\Java\linked_list\doubley_linked_list.java. Using fallback presentation compiler.
2026.05.01 19:08:01 INFO  no build target found for C:\Users\gujar\OneDrive\Documents\Java\linked_list\doubley_linked_list.java. Using fallback presentation compiler.
2026.05.01 19:08:01 INFO  no build target found for C:\Users\gujar\OneDrive\Documents\Java\linked_list\doubley_linked_list.java. Using fallback presentation compiler.
2026.05.01 19:08:01 INFO  no build target found for C:\Users\gujar\OneDrive\Documents\Java\linked_list\doubley_linked_list.java. Using fallback presentation compiler.
2026.05.01 19:08:01 INFO  no build target found for C:\Users\gujar\OneDrive\Documents\Java\linked_list\doubley_linked_list.java. Using fallback presentation compiler.
2026.05.01 19:08:01 INFO  no build target found for C:\Users\gujar\OneDrive\Documents\Java\linked_list\doubley_linked_list.java. Using fallback presentation compiler.
2026.05.01 19:08:01 INFO  no build target found for C:\Users\gujar\OneDrive\Documents\Java\linked_list\doubley_linked_list.java. Using fallback presentation compiler.
2026.05.01 19:08:01 INFO  no build target found for C:\Users\gujar\OneDrive\Documents\Java\linked_list\doubley_linked_list.java. Using fallback presentation compiler.
2026.05.01 19:08:01 INFO  no build target found for C:\Users\gujar\OneDrive\Documents\Java\linked_list\doubley_linked_list.java. Using fallback presentation compiler.
2026.05.01 19:08:01 INFO  no build target found for C:\Users\gujar\OneDrive\Documents\Java\linked_list\doubley_linked_list.java. Using fallback presentation compiler.
2026.05.01 19:08:01 INFO  no build target found for C:\Users\gujar\OneDrive\Documents\Java\linked_list\doubley_linked_list.java. Using fallback presentation compiler.
2026.05.01 19:08:01 INFO  no build target found for C:\Users\gujar\OneDrive\Documents\Java\linked_list\doubley_linked_list.java. Using fallback presentation compiler.
2026.05.01 19:08:01 INFO  no build target found for C:\Users\gujar\OneDrive\Documents\Java\linked_list\doubley_linked_list.java. Using fallback presentation compiler.
2026.05.01 19:08:01 INFO  no build target found for C:\Users\gujar\OneDrive\Documents\Java\linked_list\doubley_linked_list.java. Using fallback presentation compiler.
2026.05.01 19:08:01 INFO  no build target found for C:\Users\gujar\OneDrive\Documents\Java\linked_list\doubley_linked_list.java. Using fallback presentation compiler.
2026.05.01 19:08:01 INFO  no build target found for C:\Users\gujar\OneDrive\Documents\Java\linked_list\doubley_linked_list.java. Using fallback presentation compiler.
2026.05.01 19:08:01 INFO  no build target found for C:\Users\gujar\OneDrive\Documents\Java\linked_list\doubley_linked_list.java. Using fallback presentation compiler.
2026.05.01 19:08:02 INFO  no build target found for C:\Users\gujar\OneDrive\Documents\Java\linked_list\doubley_linked_list.java. Using fallback presentation compiler.
2026.05.01 19:08:02 INFO  no build target found for C:\Users\gujar\OneDrive\Documents\Java\linked_list\doubley_linked_list.java. Using fallback presentation compiler.
2026.05.01 19:08:02 INFO  no build target found for C:\Users\gujar\OneDrive\Documents\Java\linked_list\doubley_linked_list.java. Using fallback presentation compiler.
2026.05.01 19:08:02 INFO  no build target found for C:\Users\gujar\OneDrive\Documents\Java\linked_list\doubley_linked_list.java. Using fallback presentation compiler.
2026.05.01 19:08:02 INFO  no build target found for C:\Users\gujar\OneDrive\Documents\Java\linked_list\doubley_linked_list.java. Using fallback presentation compiler.
2026.05.01 19:08:03 WARN  no build target for: C:\Users\gujar\OneDrive\Documents\Java\linked_list\doubley_linked_list.java
2026.05.01 19:08:03 INFO  no build target found for C:\Users\gujar\OneDrive\Documents\Java\linked_list\doubley_linked_list.java. Using fallback presentation compiler.
2026.05.01 19:08:03 INFO  QDox parse error in file:///C:/Users/gujar/OneDrive/Documents/Java/linked_list/doubley_linked_list.java (full report at: "C:\Users\gujar\OneDrive\Documents\Java\.metals\.reports\metals-full\2026-05-01\r_qdox-error_18-57-15-055.md")
2026.05.01 19:08:04 INFO  no build target found for C:\Users\gujar\OneDrive\Documents\Java\linked_list\doubley_linked_list.java. Using fallback presentation compiler.
2026.05.01 19:08:04 INFO  no build target found for C:\Users\gujar\OneDrive\Documents\Java\linked_list\doubley_linked_list.java. Using fallback presentation compiler.
2026.05.01 19:08:04 WARN  Running javac-semanticdb failed for file:///C:/Users/gujar/OneDrive/Documents/Java/linked_list/doubley_linked_list.java. Output:

2026.05.01 19:08:04 INFO  no build target found for C:\Users\gujar\OneDrive\Documents\Java\linked_list\doubley_linked_list.java. Using fallback presentation compiler.
2026.05.01 19:08:04 INFO  no build target found for C:\Users\gujar\OneDrive\Documents\Java\linked_list\doubley_linked_list.java. Using fallback presentation compiler.
2026.05.01 19:08:05 WARN  no build target for: C:\Users\gujar\OneDrive\Documents\Java\linked_list\doubley_linked_list.java
2026.05.01 19:08:05 INFO  QDox parse error in file:///C:/Users/gujar/OneDrive/Documents/Java/linked_list/doubley_linked_list.java (full report at: "C:\Users\gujar\OneDrive\Documents\Java\.metals\.reports\metals-full\2026-05-01\r_qdox-error_18-57-15-055.md")
2026.05.01 19:08:05 INFO  no build target found for C:\Users\gujar\OneDrive\Documents\Java\linked_list\doubley_linked_list.java. Using fallback presentation compiler.
2026.05.01 19:08:05 INFO  no build target found for C:\Users\gujar\OneDrive\Documents\Java\linked_list\doubley_linked_list.java. Using fallback presentation compiler.
2026.05.01 19:08:05 INFO  no build target found for C:\Users\gujar\OneDrive\Documents\Java\linked_list\doubley_linked_list.java. Using fallback presentation compiler.
2026.05.01 19:08:05 INFO  no build target found for C:\Users\gujar\OneDrive\Documents\Java\linked_list\doubley_linked_list.java. Using fallback presentation compiler.
2026.05.01 19:08:05 INFO  no build target found for C:\Users\gujar\OneDrive\Documents\Java\linked_list\doubley_linked_list.java. Using fallback presentation compiler.
2026.05.01 19:08:05 WARN  Running javac-semanticdb failed for file:///C:/Users/gujar/OneDrive/Documents/Java/linked_list/doubley_linked_list.java. Output:

2026.05.01 19:08:06 INFO  no build target found for C:\Users\gujar\OneDrive\Documents\Java\linked_list\doubley_linked_list.java. Using fallback presentation compiler.
2026.05.01 19:08:06 INFO  no build target found for C:\Users\gujar\OneDrive\Documents\Java\linked_list\doubley_linked_list.java. Using fallback presentation compiler.
2026.05.01 19:08:06 INFO  no build target found for C:\Users\gujar\OneDrive\Documents\Java\linked_list\doubley_linked_list.java. Using fallback presentation compiler.
2026.05.01 19:08:06 INFO  no build target found for C:\Users\gujar\OneDrive\Documents\Java\linked_list\doubley_linked_list.java. Using fallback presentation compiler.
2026.05.01 19:08:06 INFO  no build target found for C:\Users\gujar\OneDrive\Documents\Java\linked_list\doubley_linked_list.java. Using fallback presentation compiler.
2026.05.01 19:08:06 INFO  no build target found for C:\Users\gujar\OneDrive\Documents\Java\linked_list\doubley_linked_list.java. Using fallback presentation compiler.
2026.05.01 19:08:06 INFO  no build target found for C:\Users\gujar\OneDrive\Documents\Java\linked_list\doubley_linked_list.java. Using fallback presentation compiler.
2026.05.01 19:08:07 INFO  no build target found for C:\Users\gujar\OneDrive\Documents\Java\linked_list\doubley_linked_list.java. Using fallback presentation compiler.
2026.05.01 19:08:06 INFO  no build target found for C:\Users\gujar\OneDrive\Documents\Java\linked_list\doubley_linked_list.java. Using fallback presentation compiler.
2026.05.01 19:08:07 WARN  Running javac-semanticdb failed for file:///C:/Users/gujar/OneDrive/Documents/Java/linked_list/doubley_linked_list.java. Output:

2026.05.01 19:08:07 INFO  no build target found for C:\Users\gujar\OneDrive\Documents\Java\linked_list\doubley_linked_list.java. Using fallback presentation compiler.
2026.05.01 19:08:07 INFO  no build target found for C:\Users\gujar\OneDrive\Documents\Java\linked_list\doubley_linked_list.java. Using fallback presentation compiler.
2026.05.01 19:08:07 WARN  Running javac-semanticdb failed for file:///C:/Users/gujar/OneDrive/Documents/Java/linked_list/doubley_linked_list.java. Output:

2026.05.01 19:08:07 INFO  no build target found for C:\Users\gujar\OneDrive\Documents\Java\linked_list\doubley_linked_list.java. Using fallback presentation compiler.
2026.05.01 19:08:07 INFO  no build target found for C:\Users\gujar\OneDrive\Documents\Java\linked_list\doubley_linked_list.java. Using fallback presentation compiler.
2026.05.01 19:08:08 WARN  no build target for: C:\Users\gujar\OneDrive\Documents\Java\linked_list\doubley_linked_list.java
2026.05.01 19:08:08 INFO  no build target found for C:\Users\gujar\OneDrive\Documents\Java\linked_list\doubley_linked_list.java. Using fallback presentation compiler.
2026.05.01 19:08:10 INFO  no build target found for C:\Users\gujar\OneDrive\Documents\Java\linked_list\doubley_linked_list.java. Using fallback presentation compiler.
2026.05.01 19:08:10 INFO  no build target found for C:\Users\gujar\OneDrive\Documents\Java\linked_list\doubley_linked_list.java. Using fallback presentation compiler.
2026.05.01 19:08:10 WARN  Running javac-semanticdb failed for file:///C:/Users/gujar/OneDrive/Documents/Java/linked_list/doubley_linked_list.java. Output:

2026.05.01 19:08:10 INFO  no build target found for C:\Users\gujar\OneDrive\Documents\Java\linked_list\doubley_linked_list.java. Using fallback presentation compiler.
2026.05.01 19:08:10 WARN  no build target for: C:\Users\gujar\OneDrive\Documents\Java\linked_list\doubley_linked_list.java
2026.05.01 19:08:11 INFO  no build target found for C:\Users\gujar\OneDrive\Documents\Java\linked_list\doubley_linked_list.java. Using fallback presentation compiler.
2026.05.01 19:08:11 INFO  no build target found for C:\Users\gujar\OneDrive\Documents\Java\linked_list\doubley_linked_list.java. Using fallback presentation compiler.
2026.05.01 19:08:11 INFO  no build target found for C:\Users\gujar\OneDrive\Documents\Java\linked_list\doubley_linked_list.java. Using fallback presentation compiler.
2026.05.01 19:08:11 INFO  no build target found for C:\Users\gujar\OneDrive\Documents\Java\linked_list\doubley_linked_list.java. Using fallback presentation compiler.
2026.05.01 19:08:11 INFO  no build target found for C:\Users\gujar\OneDrive\Documents\Java\linked_list\doubley_linked_list.java. Using fallback presentation compiler.
2026.05.01 19:08:11 INFO  no build target found for C:\Users\gujar\OneDrive\Documents\Java\linked_list\doubley_linked_list.java. Using fallback presentation compiler.
2026.05.01 19:08:11 INFO  no build target found for C:\Users\gujar\OneDrive\Documents\Java\linked_list\doubley_linked_list.java. Using fallback presentation compiler.
2026.05.01 19:08:12 WARN  Running javac-semanticdb failed for file:///C:/Users/gujar/OneDrive/Documents/Java/linked_list/doubley_linked_list.java. Output:

2026.05.01 19:08:11 INFO  no build target found for C:\Users\gujar\OneDrive\Documents\Java\linked_list\doubley_linked_list.java. Using fallback presentation compiler.
2026.05.01 19:08:12 INFO  no build target found for C:\Users\gujar\OneDrive\Documents\Java\linked_list\doubley_linked_list.java. Using fallback presentation compiler.
2026.05.01 19:08:12 INFO  no build target found for C:\Users\gujar\OneDrive\Documents\Java\linked_list\doubley_linked_list.java. Using fallback presentation compiler.
2026.05.01 19:08:12 INFO  no build target found for C:\Users\gujar\OneDrive\Documents\Java\linked_list\doubley_linked_list.java. Using fallback presentation compiler.
2026.05.01 19:08:12 INFO  no build target found for C:\Users\gujar\OneDrive\Documents\Java\linked_list\doubley_linked_list.java. Using fallback presentation compiler.
2026.05.01 19:08:12 INFO  no build target found for C:\Users\gujar\OneDrive\Documents\Java\linked_list\doubley_linked_list.java. Using fallback presentation compiler.
2026.05.01 19:08:12 WARN  Running javac-semanticdb failed for file:///C:/Users/gujar/OneDrive/Documents/Java/linked_list/doubley_linked_list.java. Output:

2026.05.01 19:08:12 INFO  no build target found for C:\Users\gujar\OneDrive\Documents\Java\linked_list\doubley_linked_list.java. Using fallback presentation compiler.
2026.05.01 19:08:12 INFO  no build target found for C:\Users\gujar\OneDrive\Documents\Java\linked_list\doubley_linked_list.java. Using fallback presentation compiler.
2026.05.01 19:08:12 INFO  no build target found for C:\Users\gujar\OneDrive\Documents\Java\linked_list\doubley_linked_list.java. Using fallback presentation compiler.
2026.05.01 19:08:13 INFO  no build target found for C:\Users\gujar\OneDrive\Documents\Java\linked_list\doubley_linked_list.java. Using fallback presentation compiler.
2026.05.01 19:08:13 INFO  no build target found for C:\Users\gujar\OneDrive\Documents\Java\linked_list\doubley_linked_list.java. Using fallback presentation compiler.
2026.05.01 19:08:13 INFO  no build target found for C:\Users\gujar\OneDrive\Documents\Java\linked_list\doubley_linked_list.java. Using fallback presentation compiler.
2026.05.01 19:08:13 INFO  no build target found for C:\Users\gujar\OneDrive\Documents\Java\linked_list\doubley_linked_list.java. Using fallback presentation compiler.
2026.05.01 19:08:14 INFO  no build target found for C:\Users\gujar\OneDrive\Documents\Java\linked_list\doubley_linked_list.java. Using fallback presentation compiler.
2026.05.01 19:08:13 INFO  no build target found for C:\Users\gujar\OneDrive\Documents\Java\linked_list\doubley_linked_list.java. Using fallback presentation compiler.
2026.05.01 19:08:14 WARN  Running javac-semanticdb failed for file:///C:/Users/gujar/OneDrive/Documents/Java/linked_list/doubley_linked_list.java. Output:

2026.05.01 19:08:13 INFO  no build target found for C:\Users\gujar\OneDrive\Documents\Java\linked_list\doubley_linked_list.java. Using fallback presentation compiler.
2026.05.01 19:08:14 WARN  no build target for: C:\Users\gujar\OneDrive\Documents\Java\linked_list\doubley_linked_list.java
2026.05.01 19:08:14 INFO  no build target found for C:\Users\gujar\OneDrive\Documents\Java\linked_list\doubley_linked_list.java. Using fallback presentation compiler.
2026.05.01 19:08:15 INFO  no build target found for C:\Users\gujar\OneDrive\Documents\Java\linked_list\doubley_linked_list.java. Using fallback presentation compiler.
2026.05.01 19:08:15 INFO  no build target found for C:\Users\gujar\OneDrive\Documents\Java\linked_list\doubley_linked_list.java. Using fallback presentation compiler.
2026.05.01 19:08:15 INFO  no build target found for C:\Users\gujar\OneDrive\Documents\Java\linked_list\doubley_linked_list.java. Using fallback presentation compiler.
2026.05.01 19:08:16 INFO  no build target found for C:\Users\gujar\OneDrive\Documents\Java\linked_list\doubley_linked_list.java. Using fallback presentation compiler.
2026.05.01 19:08:38 INFO  no build target found for C:\Users\gujar\OneDrive\Documents\Java\linked_list\doubley_linked_list.java. Using fallback presentation compiler.
2026.05.01 19:08:38 INFO  no build target found for C:\Users\gujar\OneDrive\Documents\Java\linked_list\doubley_linked_list.java. Using fallback presentation compiler.
2026.05.01 19:08:38 INFO  no build target found for C:\Users\gujar\OneDrive\Documents\Java\linked_list\doubley_linked_list.java. Using fallback presentation compiler.
2026.05.01 19:08:40 INFO  no build target found for C:\Users\gujar\OneDrive\Documents\Java\linked_list\doubley_linked_list.java. Using fallback presentation compiler.
2026.05.01 19:08:40 INFO  no build target found for C:\Users\gujar\OneDrive\Documents\Java\linked_list\doubley_linked_list.java. Using fallback presentation compiler.
2026.05.01 19:08:40 WARN  Running javac-semanticdb failed for file:///C:/Users/gujar/OneDrive/Documents/Java/linked_list/doubley_linked_list.java. Output:

2026.05.01 19:08:40 INFO  no build target found for C:\Users\gujar\OneDrive\Documents\Java\linked_list\doubley_linked_list.java. Using fallback presentation compiler.
2026.05.01 19:08:40 INFO  no build target found for C:\Users\gujar\OneDrive\Documents\Java\linked_list\doubley_linked_list.java. Using fallback presentation compiler.
2026.05.01 19:08:40 INFO  no build target found for C:\Users\gujar\OneDrive\Documents\Java\linked_list\doubley_linked_list.java. Using fallback presentation compiler.
2026.05.01 19:08:40 INFO  no build target found for C:\Users\gujar\OneDrive\Documents\Java\linked_list\doubley_linked_list.java. Using fallback presentation compiler.
2026.05.01 19:08:40 INFO  no build target found for C:\Users\gujar\OneDrive\Documents\Java\linked_list\doubley_linked_list.java. Using fallback presentation compiler.
2026.05.01 19:08:40 INFO  no build target found for C:\Users\gujar\OneDrive\Documents\Java\linked_list\doubley_linked_list.java. Using fallback presentation compiler.
2026.05.01 19:08:40 INFO  no build target found for C:\Users\gujar\OneDrive\Documents\Java\linked_list\doubley_linked_list.java. Using fallback presentation compiler.
2026.05.01 19:08:41 INFO  no build target found for C:\Users\gujar\OneDrive\Documents\Java\linked_list\doubley_linked_list.java. Using fallback presentation compiler.
2026.05.01 19:08:40 INFO  no build target found for C:\Users\gujar\OneDrive\Documents\Java\linked_list\doubley_linked_list.java. Using fallback presentation compiler.
2026.05.01 19:08:41 INFO  no build target found for C:\Users\gujar\OneDrive\Documents\Java\linked_list\doubley_linked_list.java. Using fallback presentation compiler.
2026.05.01 19:08:41 INFO  no build target found for C:\Users\gujar\OneDrive\Documents\Java\linked_list\doubley_linked_list.java. Using fallback presentation compiler.
2026.05.01 19:08:41 INFO  no build target found for C:\Users\gujar\OneDrive\Documents\Java\linked_list\doubley_linked_list.java. Using fallback presentation compiler.
2026.05.01 19:08:41 WARN  Running javac-semanticdb failed for file:///C:/Users/gujar/OneDrive/Documents/Java/linked_list/doubley_linked_list.java. Output:

2026.05.01 19:08:41 INFO  no build target found for C:\Users\gujar\OneDrive\Documents\Java\linked_list\doubley_linked_list.java. Using fallback presentation compiler.
2026.05.01 19:08:42 WARN  no build target for: C:\Users\gujar\OneDrive\Documents\Java\linked_list\doubley_linked_list.java
2026.05.01 19:08:41 INFO  no build target found for C:\Users\gujar\OneDrive\Documents\Java\linked_list\doubley_linked_list.java. Using fallback presentation compiler.
2026.05.01 19:08:43 INFO  no build target found for C:\Users\gujar\OneDrive\Documents\Java\linked_list\doubley_linked_list.java. Using fallback presentation compiler.
2026.05.01 19:08:43 INFO  no build target found for C:\Users\gujar\OneDrive\Documents\Java\linked_list\doubley_linked_list.java. Using fallback presentation compiler.
2026.05.01 19:08:43 INFO  no build target found for C:\Users\gujar\OneDrive\Documents\Java\linked_list\doubley_linked_list.java. Using fallback presentation compiler.
2026.05.01 19:08:43 INFO  no build target found for C:\Users\gujar\OneDrive\Documents\Java\linked_list\doubley_linked_list.java. Using fallback presentation compiler.
2026.05.01 19:08:44 INFO  no build target found for C:\Users\gujar\OneDrive\Documents\Java\linked_list\doubley_linked_list.java. Using fallback presentation compiler.
2026.05.01 19:08:43 INFO  no build target found for C:\Users\gujar\OneDrive\Documents\Java\linked_list\doubley_linked_list.java. Using fallback presentation compiler.
2026.05.01 19:08:44 WARN  Running javac-semanticdb failed for file:///C:/Users/gujar/OneDrive/Documents/Java/linked_list/doubley_linked_list.java. Output:

2026.05.01 19:08:43 INFO  no build target found for C:\Users\gujar\OneDrive\Documents\Java\linked_list\doubley_linked_list.java. Using fallback presentation compiler.
2026.05.01 19:08:43 INFO  no build target found for C:\Users\gujar\OneDrive\Documents\Java\linked_list\doubley_linked_list.java. Using fallback presentation compiler.
2026.05.01 19:08:44 INFO  no build target found for C:\Users\gujar\OneDrive\Documents\Java\linked_list\doubley_linked_list.java. Using fallback presentation compiler.
2026.05.01 19:08:43 INFO  no build target found for C:\Users\gujar\OneDrive\Documents\Java\linked_list\doubley_linked_list.java. Using fallback presentation compiler.
2026.05.01 19:08:44 WARN  Running javac-semanticdb failed for file:///C:/Users/gujar/OneDrive/Documents/Java/linked_list/doubley_linked_list.java. Output:

2026.05.01 19:08:43 INFO  no build target found for C:\Users\gujar\OneDrive\Documents\Java\linked_list\doubley_linked_list.java. Using fallback presentation compiler.
2026.05.01 19:08:43 INFO  no build target found for C:\Users\gujar\OneDrive\Documents\Java\linked_list\doubley_linked_list.java. Using fallback presentation compiler.
2026.05.01 19:08:45 INFO  no build target found for C:\Users\gujar\OneDrive\Documents\Java\linked_list\doubley_linked_list.java. Using fallback presentation compiler.
2026.05.01 19:08:45 INFO  no build target found for C:\Users\gujar\OneDrive\Documents\Java\linked_list\doubley_linked_list.java. Using fallback presentation compiler.
2026.05.01 19:08:44 INFO  no build target found for C:\Users\gujar\OneDrive\Documents\Java\linked_list\doubley_linked_list.java. Using fallback presentation compiler.
2026.05.01 19:08:45 INFO  no build target found for C:\Users\gujar\OneDrive\Documents\Java\linked_list\doubley_linked_list.java. Using fallback presentation compiler.
2026.05.01 19:08:45 INFO  no build target found for C:\Users\gujar\OneDrive\Documents\Java\linked_list\doubley_linked_list.java. Using fallback presentation compiler.
2026.05.01 19:08:45 WARN  Running javac-semanticdb failed for file:///C:/Users/gujar/OneDrive/Documents/Java/linked_list/doubley_linked_list.java. Output:

2026.05.01 19:08:45 INFO  no build target found for C:\Users\gujar\OneDrive\Documents\Java\linked_list\doubley_linked_list.java. Using fallback presentation compiler.
2026.05.01 19:08:46 INFO  no build target found for C:\Users\gujar\OneDrive\Documents\Java\linked_list\doubley_linked_list.java. Using fallback presentation compiler.
2026.05.01 19:08:46 INFO  no build target found for C:\Users\gujar\OneDrive\Documents\Java\linked_list\doubley_linked_list.java. Using fallback presentation compiler.
2026.05.01 19:08:46 INFO  no build target found for C:\Users\gujar\OneDrive\Documents\Java\linked_list\doubley_linked_list.java. Using fallback presentation compiler.
2026.05.01 19:08:46 INFO  no build target found for C:\Users\gujar\OneDrive\Documents\Java\linked_list\doubley_linked_list.java. Using fallback presentation compiler.
2026.05.01 19:08:46 INFO  no build target found for C:\Users\gujar\OneDrive\Documents\Java\linked_list\doubley_linked_list.java. Using fallback presentation compiler.
2026.05.01 19:08:46 WARN  Running javac-semanticdb failed for file:///C:/Users/gujar/OneDrive/Documents/Java/linked_list/doubley_linked_list.java. Output:

2026.05.01 19:08:46 INFO  no build target found for C:\Users\gujar\OneDrive\Documents\Java\linked_list\doubley_linked_list.java. Using fallback presentation compiler.
2026.05.01 19:08:47 INFO  no build target found for C:\Users\gujar\OneDrive\Documents\Java\linked_list\doubley_linked_list.java. Using fallback presentation compiler.
May 01, 2026 7:08:47 PM org.eclipse.lsp4j.jsonrpc.RemoteEndpoint handleCancellation
WARNING: Unmatched cancel notification for request id 1568
2026.05.01 19:08:47 INFO  no build target found for C:\Users\gujar\OneDrive\Documents\Java\linked_list\doubley_linked_list.java. Using fallback presentation compiler.
2026.05.01 19:08:47 INFO  no build target found for C:\Users\gujar\OneDrive\Documents\Java\linked_list\doubley_linked_list.java. Using fallback presentation compiler.
2026.05.01 19:08:47 INFO  no build target found for C:\Users\gujar\OneDrive\Documents\Java\linked_list\doubley_linked_list.java. Using fallback presentation compiler.
2026.05.01 19:08:47 INFO  no build target found for C:\Users\gujar\OneDrive\Documents\Java\linked_list\doubley_linked_list.java. Using fallback presentation compiler.
2026.05.01 19:08:47 INFO  no build target found for C:\Users\gujar\OneDrive\Documents\Java\linked_list\doubley_linked_list.java. Using fallback presentation compiler.
2026.05.01 19:08:47 WARN  Running javac-semanticdb failed for file:///C:/Users/gujar/OneDrive/Documents/Java/linked_list/doubley_linked_list.java. Output:

2026.05.01 19:08:47 INFO  no build target found for C:\Users\gujar\OneDrive\Documents\Java\linked_list\doubley_linked_list.java. Using fallback presentation compiler.
2026.05.01 19:08:47 INFO  no build target found for C:\Users\gujar\OneDrive\Documents\Java\linked_list\doubley_linked_list.java. Using fallback presentation compiler.
2026.05.01 19:08:48 WARN  Running javac-semanticdb failed for file:///C:/Users/gujar/OneDrive/Documents/Java/linked_list/doubley_linked_list.java. Output:

2026.05.01 19:08:47 INFO  no build target found for C:\Users\gujar\OneDrive\Documents\Java\linked_list\doubley_linked_list.java. Using fallback presentation compiler.
2026.05.01 19:08:48 INFO  no build target found for C:\Users\gujar\OneDrive\Documents\Java\linked_list\doubley_linked_list.java. Using fallback presentation compiler.
2026.05.01 19:08:48 WARN  no build target for: C:\Users\gujar\OneDrive\Documents\Java\linked_list\doubley_linked_list.java
2026.05.01 19:08:48 INFO  no build target found for C:\Users\gujar\OneDrive\Documents\Java\linked_list\doubley_linked_list.java. Using fallback presentation compiler.
2026.05.01 19:08:48 INFO  no build target found for C:\Users\gujar\OneDrive\Documents\Java\linked_list\doubley_linked_list.java. Using fallback presentation compiler.
2026.05.01 19:08:48 INFO  no build target found for C:\Users\gujar\OneDrive\Documents\Java\linked_list\doubley_linked_list.java. Using fallback presentation compiler.
2026.05.01 19:08:48 WARN  Running javac-semanticdb failed for file:///C:/Users/gujar/OneDrive/Documents/Java/linked_list/doubley_linked_list.java. Output:

2026.05.01 19:08:49 INFO  no build target found for C:\Users\gujar\OneDrive\Documents\Java\linked_list\doubley_linked_list.java. Using fallback presentation compiler.
2026.05.01 19:08:49 INFO  no build target found for C:\Users\gujar\OneDrive\Documents\Java\linked_list\doubley_linked_list.java. Using fallback presentation compiler.
2026.05.01 19:08:49 INFO  no build target found for C:\Users\gujar\OneDrive\Documents\Java\linked_list\doubley_linked_list.java. Using fallback presentation compiler.
2026.05.01 19:08:49 INFO  no build target found for C:\Users\gujar\OneDrive\Documents\Java\linked_list\doubley_linked_list.java. Using fallback presentation compiler.
2026.05.01 19:08:49 WARN  Running javac-semanticdb failed for file:///C:/Users/gujar/OneDrive/Documents/Java/linked_list/doubley_linked_list.java. Output:

2026.05.01 19:08:50 INFO  no build target found for C:\Users\gujar\OneDrive\Documents\Java\linked_list\doubley_linked_list.java. Using fallback presentation compiler.
2026.05.01 19:08:49 INFO  no build target found for C:\Users\gujar\OneDrive\Documents\Java\linked_list\doubley_linked_list.java. Using fallback presentation compiler.
2026.05.01 19:08:50 WARN  no build target for: C:\Users\gujar\OneDrive\Documents\Java\linked_list\doubley_linked_list.java
2026.05.01 19:08:50 INFO  no build target found for C:\Users\gujar\OneDrive\Documents\Java\linked_list\doubley_linked_list.java. Using fallback presentation compiler.
2026.05.01 19:08:51 INFO  no build target found for C:\Users\gujar\OneDrive\Documents\Java\linked_list\doubley_linked_list.java. Using fallback presentation compiler.
2026.05.01 19:08:51 INFO  no build target found for C:\Users\gujar\OneDrive\Documents\Java\linked_list\doubley_linked_list.java. Using fallback presentation compiler.
2026.05.01 19:08:54 INFO  no build target found for C:\Users\gujar\OneDrive\Documents\Java\linked_list\doubley_linked_list.java. Using fallback presentation compiler.
2026.05.01 19:08:54 INFO  no build target found for C:\Users\gujar\OneDrive\Documents\Java\linked_list\doubley_linked_list.java. Using fallback presentation compiler.
2026.05.01 19:08:54 INFO  no build target found for C:\Users\gujar\OneDrive\Documents\Java\linked_list\doubley_linked_list.java. Using fallback presentation compiler.
2026.05.01 19:08:54 WARN  Running javac-semanticdb failed for file:///C:/Users/gujar/OneDrive/Documents/Java/linked_list/doubley_linked_list.java. Output:

2026.05.01 19:08:54 INFO  no build target found for C:\Users\gujar\OneDrive\Documents\Java\linked_list\doubley_linked_list.java. Using fallback presentation compiler.
2026.05.01 19:08:54 INFO  no build target found for C:\Users\gujar\OneDrive\Documents\Java\linked_list\doubley_linked_list.java. Using fallback presentation compiler.
2026.05.01 19:08:54 INFO  no build target found for C:\Users\gujar\OneDrive\Documents\Java\linked_list\doubley_linked_list.java. Using fallback presentation compiler.
2026.05.01 19:08:54 WARN  Running javac-semanticdb failed for file:///C:/Users/gujar/OneDrive/Documents/Java/linked_list/doubley_linked_list.java. Output:

2026.05.01 19:08:55 INFO  no build target found for C:\Users\gujar\OneDrive\Documents\Java\linked_list\doubley_linked_list.java. Using fallback presentation compiler.
2026.05.01 19:08:55 INFO  no build target found for C:\Users\gujar\OneDrive\Documents\Java\linked_list\doubley_linked_list.java. Using fallback presentation compiler.
2026.05.01 19:08:55 INFO  no build target found for C:\Users\gujar\OneDrive\Documents\Java\linked_list\doubley_linked_list.java. Using fallback presentation compiler.
2026.05.01 19:08:56 WARN  no build target for: C:\Users\gujar\OneDrive\Documents\Java\linked_list\doubley_linked_list.java
2026.05.01 19:08:56 INFO  no build target found for C:\Users\gujar\OneDrive\Documents\Java\linked_list\doubley_linked_list.java. Using fallback presentation compiler.
2026.05.01 19:08:57 INFO  no build target found for C:\Users\gujar\OneDrive\Documents\Java\linked_list\doubley_linked_list.java. Using fallback presentation compiler.
2026.05.01 19:08:57 INFO  no build target found for C:\Users\gujar\OneDrive\Documents\Java\linked_list\doubley_linked_list.java. Using fallback presentation compiler.
2026.05.01 19:08:57 INFO  no build target found for C:\Users\gujar\OneDrive\Documents\Java\linked_list\doubley_linked_list.java. Using fallback presentation compiler.
2026.05.01 19:08:57 WARN  Running javac-semanticdb failed for file:///C:/Users/gujar/OneDrive/Documents/Java/linked_list/doubley_linked_list.java. Output:

2026.05.01 19:08:57 INFO  no build target found for C:\Users\gujar\OneDrive\Documents\Java\linked_list\doubley_linked_list.java. Using fallback presentation compiler.
2026.05.01 19:08:57 INFO  no build target found for C:\Users\gujar\OneDrive\Documents\Java\linked_list\doubley_linked_list.java. Using fallback presentation compiler.
2026.05.01 19:08:57 INFO  no build target found for C:\Users\gujar\OneDrive\Documents\Java\linked_list\doubley_linked_list.java. Using fallback presentation compiler.
2026.05.01 19:08:57 INFO  no build target found for C:\Users\gujar\OneDrive\Documents\Java\linked_list\doubley_linked_list.java. Using fallback presentation compiler.
2026.05.01 19:08:58 INFO  no build target found for C:\Users\gujar\OneDrive\Documents\Java\linked_list\doubley_linked_list.java. Using fallback presentation compiler.
2026.05.01 19:08:58 INFO  no build target found for C:\Users\gujar\OneDrive\Documents\Java\linked_list\doubley_linked_list.java. Using fallback presentation compiler.
2026.05.01 19:08:58 INFO  no build target found for C:\Users\gujar\OneDrive\Documents\Java\linked_list\doubley_linked_list.java. Using fallback presentation compiler.
May 01, 2026 7:08:58 PM org.eclipse.lsp4j.jsonrpc.RemoteEndpoint handleCancellation
WARNING: Unmatched cancel notification for request id 1641
2026.05.01 19:08:58 WARN  Running javac-semanticdb failed for file:///C:/Users/gujar/OneDrive/Documents/Java/linked_list/doubley_linked_list.java. Output:

2026.05.01 19:08:58 INFO  no build target found for C:\Users\gujar\OneDrive\Documents\Java\linked_list\doubley_linked_list.java. Using fallback presentation compiler.
2026.05.01 19:08:58 INFO  no build target found for C:\Users\gujar\OneDrive\Documents\Java\linked_list\doubley_linked_list.java. Using fallback presentation compiler.
2026.05.01 19:08:58 INFO  no build target found for C:\Users\gujar\OneDrive\Documents\Java\linked_list\doubley_linked_list.java. Using fallback presentation compiler.
2026.05.01 19:08:58 INFO  no build target found for C:\Users\gujar\OneDrive\Documents\Java\linked_list\doubley_linked_list.java. Using fallback presentation compiler.
2026.05.01 19:08:58 WARN  Running javac-semanticdb failed for file:///C:/Users/gujar/OneDrive/Documents/Java/linked_list/doubley_linked_list.java. Output:

2026.05.01 19:08:59 INFO  no build target found for C:\Users\gujar\OneDrive\Documents\Java\linked_list\doubley_linked_list.java. Using fallback presentation compiler.
2026.05.01 19:08:59 WARN  no build target for: C:\Users\gujar\OneDrive\Documents\Java\linked_list\doubley_linked_list.java
2026.05.01 19:08:59 INFO  no build target found for C:\Users\gujar\OneDrive\Documents\Java\linked_list\doubley_linked_list.java. Using fallback presentation compiler.
2026.05.01 19:08:59 INFO  no build target found for C:\Users\gujar\OneDrive\Documents\Java\linked_list\doubley_linked_list.java. Using fallback presentation compiler.
2026.05.01 19:08:59 INFO  no build target found for C:\Users\gujar\OneDrive\Documents\Java\linked_list\doubley_linked_list.java. Using fallback presentation compiler.
2026.05.01 19:08:59 INFO  no build target found for C:\Users\gujar\OneDrive\Documents\Java\linked_list\doubley_linked_list.java. Using fallback presentation compiler.
2026.05.01 19:08:59 WARN  Running javac-semanticdb failed for file:///C:/Users/gujar/OneDrive/Documents/Java/linked_list/doubley_linked_list.java. Output:

2026.05.01 19:09:00 INFO  no build target found for C:\Users\gujar\OneDrive\Documents\Java\linked_list\doubley_linked_list.java. Using fallback presentation compiler.
2026.05.01 19:09:00 INFO  no build target found for C:\Users\gujar\OneDrive\Documents\Java\linked_list\doubley_linked_list.java. Using fallback presentation compiler.
2026.05.01 19:09:00 INFO  no build target found for C:\Users\gujar\OneDrive\Documents\Java\linked_list\doubley_linked_list.java. Using fallback presentation compiler.
2026.05.01 19:09:00 INFO  no build target found for C:\Users\gujar\OneDrive\Documents\Java\linked_list\doubley_linked_list.java. Using fallback presentation compiler.
2026.05.01 19:09:00 INFO  no build target found for C:\Users\gujar\OneDrive\Documents\Java\linked_list\doubley_linked_list.java. Using fallback presentation compiler.
2026.05.01 19:09:00 WARN  Running javac-semanticdb failed for file:///C:/Users/gujar/OneDrive/Documents/Java/linked_list/doubley_linked_list.java. Output:

2026.05.01 19:09:00 INFO  no build target found for C:\Users\gujar\OneDrive\Documents\Java\linked_list\doubley_linked_list.java. Using fallback presentation compiler.
2026.05.01 19:09:00 INFO  no build target found for C:\Users\gujar\OneDrive\Documents\Java\linked_list\doubley_linked_list.java. Using fallback presentation compiler.
2026.05.01 19:09:00 INFO  no build target found for C:\Users\gujar\OneDrive\Documents\Java\linked_list\doubley_linked_list.java. Using fallback presentation compiler.
2026.05.01 19:09:01 INFO  no build target found for C:\Users\gujar\OneDrive\Documents\Java\linked_list\doubley_linked_list.java. Using fallback presentation compiler.
2026.05.01 19:09:00 INFO  no build target found for C:\Users\gujar\OneDrive\Documents\Java\linked_list\doubley_linked_list.java. Using fallback presentation compiler.
2026.05.01 19:09:01 INFO  no build target found for C:\Users\gujar\OneDrive\Documents\Java\linked_list\doubley_linked_list.java. Using fallback presentation compiler.
2026.05.01 19:09:01 INFO  no build target found for C:\Users\gujar\OneDrive\Documents\Java\linked_list\doubley_linked_list.java. Using fallback presentation compiler.
2026.05.01 19:09:01 WARN  Running javac-semanticdb failed for file:///C:/Users/gujar/OneDrive/Documents/Java/linked_list/doubley_linked_list.java. Output:

2026.05.01 19:09:01 INFO  no build target found for C:\Users\gujar\OneDrive\Documents\Java\linked_list\doubley_linked_list.java. Using fallback presentation compiler.
2026.05.01 19:09:01 INFO  no build target found for C:\Users\gujar\OneDrive\Documents\Java\linked_list\doubley_linked_list.java. Using fallback presentation compiler.
2026.05.01 19:09:01 INFO  no build target found for C:\Users\gujar\OneDrive\Documents\Java\linked_list\doubley_linked_list.java. Using fallback presentation compiler.
2026.05.01 19:09:01 WARN  Running javac-semanticdb failed for file:///C:/Users/gujar/OneDrive/Documents/Java/linked_list/doubley_linked_list.java. Output:

2026.05.01 19:09:01 INFO  no build target found for C:\Users\gujar\OneDrive\Documents\Java\linked_list\doubley_linked_list.java. Using fallback presentation compiler.
2026.05.01 19:09:02 WARN  no build target for: C:\Users\gujar\OneDrive\Documents\Java\linked_list\doubley_linked_list.java
2026.05.01 19:09:02 INFO  no build target found for C:\Users\gujar\OneDrive\Documents\Java\linked_list\doubley_linked_list.java. Using fallback presentation compiler.
2026.05.01 19:09:04 INFO  no build target found for C:\Users\gujar\OneDrive\Documents\Java\linked_list\doubley_linked_list.java. Using fallback presentation compiler.
2026.05.01 19:09:04 INFO  no build target found for C:\Users\gujar\OneDrive\Documents\Java\linked_list\doubley_linked_list.java. Using fallback presentation compiler.
2026.05.01 19:09:04 INFO  no build target found for C:\Users\gujar\OneDrive\Documents\Java\linked_list\doubley_linked_list.java. Using fallback presentation compiler.
2026.05.01 19:09:04 INFO  no build target found for C:\Users\gujar\OneDrive\Documents\Java\linked_list\doubley_linked_list.java. Using fallback presentation compiler.
2026.05.01 19:09:04 INFO  no build target found for C:\Users\gujar\OneDrive\Documents\Java\linked_list\doubley_linked_list.java. Using fallback presentation compiler.
2026.05.01 19:09:04 INFO  no build target found for C:\Users\gujar\OneDrive\Documents\Java\linked_list\doubley_linked_list.java. Using fallback presentation compiler.
2026.05.01 19:09:04 INFO  no build target found for C:\Users\gujar\OneDrive\Documents\Java\linked_list\doubley_linked_list.java. Using fallback presentation compiler.
2026.05.01 19:09:05 INFO  no build target found for C:\Users\gujar\OneDrive\Documents\Java\linked_list\doubley_linked_list.java. Using fallback presentation compiler.
2026.05.01 19:09:05 INFO  no build target found for C:\Users\gujar\OneDrive\Documents\Java\linked_list\doubley_linked_list.java. Using fallback presentation compiler.
2026.05.01 19:09:05 INFO  no build target found for C:\Users\gujar\OneDrive\Documents\Java\linked_list\doubley_linked_list.java. Using fallback presentation compiler.
2026.05.01 19:09:06 WARN  no build target for: C:\Users\gujar\OneDrive\Documents\Java\linked_list\doubley_linked_list.java
2026.05.01 19:09:06 INFO  no build target found for C:\Users\gujar\OneDrive\Documents\Java\linked_list\doubley_linked_list.java. Using fallback presentation compiler.
2026.05.01 19:09:06 INFO  no build target found for C:\Users\gujar\OneDrive\Documents\Java\linked_list\doubley_linked_list.java. Using fallback presentation compiler.
2026.05.01 19:09:06 INFO  no build target found for C:\Users\gujar\OneDrive\Documents\Java\linked_list\doubley_linked_list.java. Using fallback presentation compiler.
2026.05.01 19:09:07 INFO  no build target found for C:\Users\gujar\OneDrive\Documents\Java\linked_list\doubley_linked_list.java. Using fallback presentation compiler.
2026.05.01 19:09:09 INFO  no build target found for C:\Users\gujar\OneDrive\Documents\Java\linked_list\doubley_linked_list.java. Using fallback presentation compiler.
2026.05.01 19:09:10 INFO  no build target found for C:\Users\gujar\OneDrive\Documents\Java\linked_list\doubley_linked_list.java. Using fallback presentation compiler.
2026.05.01 19:09:10 INFO  no build target found for C:\Users\gujar\OneDrive\Documents\Java\linked_list\doubley_linked_list.java. Using fallback presentation compiler.
2026.05.01 19:09:10 INFO  no build target found for C:\Users\gujar\OneDrive\Documents\Java\linked_list\doubley_linked_list.java. Using fallback presentation compiler.
2026.05.01 19:09:10 INFO  no build target found for C:\Users\gujar\OneDrive\Documents\Java\linked_list\doubley_linked_list.java. Using fallback presentation compiler.
2026.05.01 19:09:10 INFO  no build target found for C:\Users\gujar\OneDrive\Documents\Java\linked_list\doubley_linked_list.java. Using fallback presentation compiler.
2026.05.01 19:09:11 INFO  no build target found for C:\Users\gujar\OneDrive\Documents\Java\linked_list\doubley_linked_list.java. Using fallback presentation compiler.
2026.05.01 19:09:11 INFO  no build target found for C:\Users\gujar\OneDrive\Documents\Java\linked_list\doubley_linked_list.java. Using fallback presentation compiler.
2026.05.01 19:09:11 INFO  no build target found for C:\Users\gujar\OneDrive\Documents\Java\linked_list\doubley_linked_list.java. Using fallback presentation compiler.
2026.05.01 19:09:11 INFO  no build target found for C:\Users\gujar\OneDrive\Documents\Java\linked_list\doubley_linked_list.java. Using fallback presentation compiler.
2026.05.01 19:09:11 INFO  no build target found for C:\Users\gujar\OneDrive\Documents\Java\linked_list\doubley_linked_list.java. Using fallback presentation compiler.
2026.05.01 19:09:11 INFO  no build target found for C:\Users\gujar\OneDrive\Documents\Java\linked_list\doubley_linked_list.java. Using fallback presentation compiler.
2026.05.01 19:09:11 INFO  no build target found for C:\Users\gujar\OneDrive\Documents\Java\linked_list\doubley_linked_list.java. Using fallback presentation compiler.
2026.05.01 19:09:11 INFO  no build target found for C:\Users\gujar\OneDrive\Documents\Java\linked_list\doubley_linked_list.java. Using fallback presentation compiler.
2026.05.01 19:09:12 INFO  no build target found for C:\Users\gujar\OneDrive\Documents\Java\linked_list\doubley_linked_list.java. Using fallback presentation compiler.
2026.05.01 19:09:11 INFO  no build target found for C:\Users\gujar\OneDrive\Documents\Java\linked_list\doubley_linked_list.java. Using fallback presentation compiler.
2026.05.01 19:09:12 INFO  no build target found for C:\Users\gujar\OneDrive\Documents\Java\linked_list\doubley_linked_list.java. Using fallback presentation compiler.
2026.05.01 19:09:12 INFO  no build target found for C:\Users\gujar\OneDrive\Documents\Java\linked_list\doubley_linked_list.java. Using fallback presentation compiler.
2026.05.01 19:09:13 INFO  no build target found for C:\Users\gujar\OneDrive\Documents\Java\linked_list\doubley_linked_list.java. Using fallback presentation compiler.
2026.05.01 19:09:12 INFO  no build target found for C:\Users\gujar\OneDrive\Documents\Java\linked_list\doubley_linked_list.java. Using fallback presentation compiler.
2026.05.01 19:09:12 INFO  no build target found for C:\Users\gujar\OneDrive\Documents\Java\linked_list\doubley_linked_list.java. Using fallback presentation compiler.
2026.05.01 19:09:13 INFO  no build target found for C:\Users\gujar\OneDrive\Documents\Java\linked_list\doubley_linked_list.java. Using fallback presentation compiler.
2026.05.01 19:09:12 INFO  no build target found for C:\Users\gujar\OneDrive\Documents\Java\linked_list\doubley_linked_list.java. Using fallback presentation compiler.
2026.05.01 19:09:13 INFO  no build target found for C:\Users\gujar\OneDrive\Documents\Java\linked_list\doubley_linked_list.java. Using fallback presentation compiler.
2026.05.01 19:09:13 INFO  no build target found for C:\Users\gujar\OneDrive\Documents\Java\linked_list\doubley_linked_list.java. Using fallback presentation compiler.
2026.05.01 19:09:13 INFO  no build target found for C:\Users\gujar\OneDrive\Documents\Java\linked_list\doubley_linked_list.java. Using fallback presentation compiler.
2026.05.01 19:09:14 WARN  no build target for: C:\Users\gujar\OneDrive\Documents\Java\linked_list\doubley_linked_list.java
2026.05.01 19:09:14 INFO  no build target found for C:\Users\gujar\OneDrive\Documents\Java\linked_list\doubley_linked_list.java. Using fallback presentation compiler.
2026.05.01 19:09:28 INFO  no build target found for C:\Users\gujar\OneDrive\Documents\Java\linked_list\doubley_linked_list.java. Using fallback presentation compiler.
2026.05.01 19:09:29 INFO  no build target found for C:\Users\gujar\OneDrive\Documents\Java\linked_list\doubley_linked_list.java. Using fallback presentation compiler.
2026.05.01 19:09:29 INFO  no build target found for C:\Users\gujar\OneDrive\Documents\Java\linked_list\doubley_linked_list.java. Using fallback presentation compiler.
2026.05.01 19:09:48 INFO  Shutting down server
2026.05.01 19:09:48 INFO  Memory monitor stopped
2026.05.01 19:09:48 INFO  shutting down Metals
2026.05.01 19:09:48 INFO  Exiting server
2026.05.01 19:10:08 INFO  Started: Metals version 1.6.7 in folders 'C:\Users\gujar\OneDrive\Documents\Java' for client Visual Studio Code 1.118.1.
2026.05.01 19:10:08 INFO  Memory monitor started
2026.05.01 19:10:10 WARN  Using H2 2.4.240 which is newer than the version Flyway has been verified with. The latest verified version of H2 is 2.3.232.
2026.05.01 19:10:16 INFO  no build target found for C:\Users\gujar\OneDrive\Documents\Java\linked_list\doubley_linked_list.java. Using fallback presentation compiler.
May 01, 2026 7:10:18 PM org.eclipse.lsp4j.jsonrpc.RemoteEndpoint handleCancellation
WARNING: Unmatched cancel notification for request id 2
2026.05.01 19:10:20 WARN  no build tool detected in workspace 'C:\Users\gujar\OneDrive\Documents\Java'. The most common cause for this problem is that the editor was opened in the wrong working directory, for example if you use sbt then the workspace directory should contain build.sbt. 
2026.05.01 19:10:20 WARN  Build server is not auto-connectable.
2026.05.01 19:10:20 WARN  no build target for: C:\Users\gujar\OneDrive\Documents\Java\linked_list\doubley_linked_list.java
2026.05.01 19:10:21 INFO  no build target found for C:\Users\gujar\OneDrive\Documents\Java\linked_list\doubley_linked_list.java. Using fallback presentation compiler.
May 01, 2026 7:10:21 PM org.eclipse.lsp4j.jsonrpc.services.GenericEndpoint notify
INFO: Unsupported notification method: $/setTrace
2026.05.01 19:10:21 INFO  no build target found for C:\Users\gujar\OneDrive\Documents\Java\linked_list\doubley_linked_list.java. Using fallback presentation compiler.
2026.05.01 19:10:21 INFO  no build target found for C:\Users\gujar\OneDrive\Documents\Java\linked_list\doubley_linked_list.java. Using fallback presentation compiler.
2026.05.01 19:10:21 INFO  no build target found for C:\Users\gujar\OneDrive\Documents\Java\linked_list\doubley_linked_list.java. Using fallback presentation compiler.
2026.05.01 19:10:21 INFO  no build target found for C:\Users\gujar\OneDrive\Documents\Java\linked_list\doubley_linked_list.java. Using fallback presentation compiler.
2026.05.01 19:10:21 INFO  no build target found for C:\Users\gujar\OneDrive\Documents\Java\linked_list\doubley_linked_list.java. Using fallback presentation compiler.
2026.05.01 19:10:22 INFO  no build target found for C:\Users\gujar\OneDrive\Documents\Java\linked_list\doubley_linked_list.java. Using fallback presentation compiler.
May 01, 2026 7:10:22 PM org.eclipse.lsp4j.jsonrpc.RemoteEndpoint handleCancellation
WARNING: Unmatched cancel notification for request id 12
May 01, 2026 7:10:22 PM org.eclipse.lsp4j.jsonrpc.RemoteEndpoint handleCancellation
WARNING: Unmatched cancel notification for request id 13
May 01, 2026 7:10:22 PM org.eclipse.lsp4j.jsonrpc.RemoteEndpoint handleCancellation
WARNING: Unmatched cancel notification for request id 14
2026.05.01 19:10:22 INFO  no build target found for C:\Users\gujar\OneDrive\Documents\Java\linked_list\doubley_linked_list.java. Using fallback presentation compiler.
2026.05.01 19:10:22 INFO  no build target found for C:\Users\gujar\OneDrive\Documents\Java\linked_list\doubley_linked_list.java. Using fallback presentation compiler.
2026.05.01 19:10:22 INFO  no build target found for C:\Users\gujar\OneDrive\Documents\Java\linked_list\doubley_linked_list.java. Using fallback presentation compiler.
2026.05.01 19:10:22 INFO  no build target found for C:\Users\gujar\OneDrive\Documents\Java\linked_list\doubley_linked_list.java. Using fallback presentation compiler.
May 01, 2026 7:10:22 PM org.eclipse.lsp4j.jsonrpc.RemoteEndpoint handleCancellation
WARNING: Unmatched cancel notification for request id 20
2026.05.01 19:10:22 INFO  no build target found for C:\Users\gujar\OneDrive\Documents\Java\linked_list\doubley_linked_list.java. Using fallback presentation compiler.
2026.05.01 19:10:22 INFO  no build target found for C:\Users\gujar\OneDrive\Documents\Java\linked_list\doubley_linked_list.java. Using fallback presentation compiler.
2026.05.01 19:10:24 INFO  no build target found for C:\Users\gujar\OneDrive\Documents\Java\linked_list\doubley_linked_list.java. Using fallback presentation compiler.
2026.05.01 19:10:26 INFO  time: code lens generation in 4.58s
2026.05.01 19:10:26 INFO  time: code lens generation in 3.06s
2026.05.01 19:10:26 INFO  time: code lens generation in 4.86s
2026.05.01 19:10:27 INFO  no build target found for C:\Users\gujar\OneDrive\Documents\Java\linked_list\doubley_linked_list.java. Using fallback presentation compiler.
2026.05.01 19:10:53 INFO  no build target found for C:\Users\gujar\OneDrive\Documents\Java\linked_list\doubley_linked_list.java. Using fallback presentation compiler.
2026.05.01 19:11:21 INFO  no build target found for C:\Users\gujar\OneDrive\Documents\Java\linked_list\doubley_linked_list.java. Using fallback presentation compiler.
2026.05.01 19:11:21 INFO  no build target found for C:\Users\gujar\OneDrive\Documents\Java\linked_list\doubley_linked_list.java. Using fallback presentation compiler.
2026.05.01 19:11:22 INFO  no build target found for C:\Users\gujar\OneDrive\Documents\Java\linked_list\doubley_linked_list.java. Using fallback presentation compiler.
2026.05.01 19:11:23 INFO  no build target found for C:\Users\gujar\OneDrive\Documents\Java\linked_list\doubley_linked_list.java. Using fallback presentation compiler.
2026.05.01 19:11:23 INFO  no build target found for C:\Users\gujar\OneDrive\Documents\Java\linked_list\doubley_linked_list.java. Using fallback presentation compiler.
2026.05.01 19:11:23 INFO  no build target found for C:\Users\gujar\OneDrive\Documents\Java\linked_list\doubley_linked_list.java. Using fallback presentation compiler.
2026.05.01 19:11:23 INFO  no build target found for C:\Users\gujar\OneDrive\Documents\Java\linked_list\doubley_linked_list.java. Using fallback presentation compiler.
2026.05.01 19:11:29 INFO  no build target found for C:\Users\gujar\OneDrive\Documents\Java\linked_list\doubley_linked_list.java. Using fallback presentation compiler.
2026.05.01 19:11:31 INFO  no build target found for C:\Users\gujar\OneDrive\Documents\Java\linked_list\doubley_linked_list.java. Using fallback presentation compiler.
2026.05.01 19:11:31 INFO  no build target found for C:\Users\gujar\OneDrive\Documents\Java\linked_list\doubley_linked_list.java. Using fallback presentation compiler.
2026.05.01 19:11:31 INFO  no build target found for C:\Users\gujar\OneDrive\Documents\Java\linked_list\doubley_linked_list.java. Using fallback presentation compiler.
2026.05.01 19:11:33 INFO  no build target found for C:\Users\gujar\OneDrive\Documents\Java\linked_list\doubley_linked_list.java. Using fallback presentation compiler.
2026.05.01 19:11:33 INFO  no build target found for C:\Users\gujar\OneDrive\Documents\Java\linked_list\doubley_linked_list.java. Using fallback presentation compiler.
2026.05.01 19:11:33 INFO  no build target found for C:\Users\gujar\OneDrive\Documents\Java\linked_list\doubley_linked_list.java. Using fallback presentation compiler.
2026.05.01 19:11:33 INFO  no build target found for C:\Users\gujar\OneDrive\Documents\Java\linked_list\doubley_linked_list.java. Using fallback presentation compiler.
2026.05.01 19:11:34 INFO  no build target found for C:\Users\gujar\OneDrive\Documents\Java\linked_list\doubley_linked_list.java. Using fallback presentation compiler.
2026.05.01 19:11:34 INFO  no build target found for C:\Users\gujar\OneDrive\Documents\Java\linked_list\doubley_linked_list.java. Using fallback presentation compiler.
2026.05.01 19:11:34 INFO  no build target found for C:\Users\gujar\OneDrive\Documents\Java\linked_list\doubley_linked_list.java. Using fallback presentation compiler.
2026.05.01 19:11:35 WARN  no build target for: C:\Users\gujar\OneDrive\Documents\Java\linked_list\doubley_linked_list.java
2026.05.01 19:11:35 INFO  no build target found for C:\Users\gujar\OneDrive\Documents\Java\linked_list\doubley_linked_list.java. Using fallback presentation compiler.
2026.05.01 19:11:40 INFO  no build target found for C:\Users\gujar\OneDrive\Documents\Java\linked_list\doubley_linked_list.java. Using fallback presentation compiler.
2026.05.01 19:11:40 INFO  no build target found for C:\Users\gujar\OneDrive\Documents\Java\linked_list\doubley_linked_list.java. Using fallback presentation compiler.
2026.05.01 19:11:40 INFO  no build target found for C:\Users\gujar\OneDrive\Documents\Java\linked_list\doubley_linked_list.java. Using fallback presentation compiler.
2026.05.01 19:11:43 INFO  no build target found for C:\Users\gujar\OneDrive\Documents\Java\linked_list\doubley_linked_list.java. Using fallback presentation compiler.
2026.05.01 19:11:43 INFO  no build target found for C:\Users\gujar\OneDrive\Documents\Java\linked_list\doubley_linked_list.java. Using fallback presentation compiler.
2026.05.01 19:11:43 INFO  no build target found for C:\Users\gujar\OneDrive\Documents\Java\linked_list\doubley_linked_list.java. Using fallback presentation compiler.
2026.05.01 19:11:43 INFO  no build target found for C:\Users\gujar\OneDrive\Documents\Java\linked_list\doubley_linked_list.java. Using fallback presentation compiler.
2026.05.01 19:11:43 INFO  Created report: Optional[file:///C:/Users/gujar/OneDrive/Documents/Java/linked_list/doubley_linked_list.java]
2026.05.01 19:11:43 INFO  empty definition using pc, found symbol in pc: _empty_/obj# (full report at: "C:\Users\gujar\OneDrive\Documents\Java\.metals\.reports\metals-full\2026-05-01\r_empty-definition_19-11-43-875.md")
2026.05.01 19:11:43 INFO  no build target found for C:\Users\gujar\OneDrive\Documents\Java\linked_list\doubley_linked_list.java. Using fallback presentation compiler.
2026.05.01 19:11:43 INFO  no build target found for C:\Users\gujar\OneDrive\Documents\Java\linked_list\doubley_linked_list.java. Using fallback presentation compiler.
2026.05.01 19:11:44 INFO  no build target found for C:\Users\gujar\OneDrive\Documents\Java\linked_list\doubley_linked_list.java. Using fallback presentation compiler.
2026.05.01 19:11:44 INFO  no build target found for C:\Users\gujar\OneDrive\Documents\Java\linked_list\doubley_linked_list.java. Using fallback presentation compiler.
2026.05.01 19:11:44 INFO  no build target found for C:\Users\gujar\OneDrive\Documents\Java\linked_list\doubley_linked_list.java. Using fallback presentation compiler.
2026.05.01 19:11:45 INFO  no build target found for C:\Users\gujar\OneDrive\Documents\Java\linked_list\doubley_linked_list.java. Using fallback presentation compiler.
2026.05.01 19:11:44 INFO  no build target found for C:\Users\gujar\OneDrive\Documents\Java\linked_list\doubley_linked_list.java. Using fallback presentation compiler.
2026.05.01 19:11:45 WARN  no build target for: C:\Users\gujar\OneDrive\Documents\Java\linked_list\doubley_linked_list.java
2026.05.01 19:11:45 INFO  no build target found for C:\Users\gujar\OneDrive\Documents\Java\linked_list\doubley_linked_list.java. Using fallback presentation compiler.
2026.05.01 19:11:46 INFO  no build target found for C:\Users\gujar\OneDrive\Documents\Java\linked_list\doubley_linked_list.java. Using fallback presentation compiler.
2026.05.01 19:11:46 INFO  no build target found for C:\Users\gujar\OneDrive\Documents\Java\linked_list\doubley_linked_list.java. Using fallback presentation compiler.
2026.05.01 19:11:46 INFO  no build target found for C:\Users\gujar\OneDrive\Documents\Java\linked_list\doubley_linked_list.java. Using fallback presentation compiler.
2026.05.01 19:11:47 INFO  no build target found for C:\Users\gujar\OneDrive\Documents\Java\linked_list\doubley_linked_list.java. Using fallback presentation compiler.
2026.05.01 19:11:47 INFO  no build target found for C:\Users\gujar\OneDrive\Documents\Java\linked_list\doubley_linked_list.java. Using fallback presentation compiler.
2026.05.01 19:11:47 INFO  no build target found for C:\Users\gujar\OneDrive\Documents\Java\linked_list\doubley_linked_list.java. Using fallback presentation compiler.
2026.05.01 19:11:47 INFO  no build target found for C:\Users\gujar\OneDrive\Documents\Java\linked_list\doubley_linked_list.java. Using fallback presentation compiler.
2026.05.01 19:11:48 WARN  no build target for: C:\Users\gujar\OneDrive\Documents\Java\linked_list\doubley_linked_list.java
2026.05.01 19:11:48 INFO  no build target found for C:\Users\gujar\OneDrive\Documents\Java\linked_list\doubley_linked_list.java. Using fallback presentation compiler.
2026.05.01 19:11:49 INFO  no build target found for C:\Users\gujar\OneDrive\Documents\Java\linked_list\doubley_linked_list.java. Using fallback presentation compiler.
2026.05.01 19:11:49 INFO  no build target found for C:\Users\gujar\OneDrive\Documents\Java\linked_list\doubley_linked_list.java. Using fallback presentation compiler.
2026.05.01 19:11:51 INFO  no build target found for C:\Users\gujar\OneDrive\Documents\Java\linked_list\doubley_linked_list.java. Using fallback presentation compiler.
2026.05.01 19:11:51 INFO  no build target found for C:\Users\gujar\OneDrive\Documents\Java\linked_list\doubley_linked_list.java. Using fallback presentation compiler.
2026.05.01 19:11:51 INFO  no build target found for C:\Users\gujar\OneDrive\Documents\Java\linked_list\doubley_linked_list.java. Using fallback presentation compiler.
2026.05.01 19:11:51 INFO  no build target found for C:\Users\gujar\OneDrive\Documents\Java\linked_list\doubley_linked_list.java. Using fallback presentation compiler.
2026.05.01 19:11:51 INFO  no build target found for C:\Users\gujar\OneDrive\Documents\Java\linked_list\doubley_linked_list.java. Using fallback presentation compiler.
2026.05.01 19:11:51 INFO  no build target found for C:\Users\gujar\OneDrive\Documents\Java\linked_list\doubley_linked_list.java. Using fallback presentation compiler.
2026.05.01 19:11:52 WARN  no build target for: C:\Users\gujar\OneDrive\Documents\Java\linked_list\doubley_linked_list.java
2026.05.01 19:11:52 INFO  no build target found for C:\Users\gujar\OneDrive\Documents\Java\linked_list\doubley_linked_list.java. Using fallback presentation compiler.
2026.05.01 19:11:57 INFO  no build target found for C:\Users\gujar\OneDrive\Documents\Java\linked_list\doubley_linked_list.java. Using fallback presentation compiler.
2026.05.01 19:11:57 INFO  no build target found for C:\Users\gujar\OneDrive\Documents\Java\linked_list\doubley_linked_list.java. Using fallback presentation compiler.
2026.05.01 19:11:57 INFO  no build target found for C:\Users\gujar\OneDrive\Documents\Java\linked_list\doubley_linked_list.java. Using fallback presentation compiler.
2026.05.01 19:11:58 INFO  no build target found for C:\Users\gujar\OneDrive\Documents\Java\linked_list\doubley_linked_list.java. Using fallback presentation compiler.
2026.05.01 19:11:58 INFO  no build target found for C:\Users\gujar\OneDrive\Documents\Java\linked_list\doubley_linked_list.java. Using fallback presentation compiler.
2026.05.01 19:11:58 INFO  no build target found for C:\Users\gujar\OneDrive\Documents\Java\linked_list\doubley_linked_list.java. Using fallback presentation compiler.
2026.05.01 19:11:58 INFO  no build target found for C:\Users\gujar\OneDrive\Documents\Java\linked_list\doubley_linked_list.java. Using fallback presentation compiler.
2026.05.01 19:11:58 INFO  no build target found for C:\Users\gujar\OneDrive\Documents\Java\linked_list\doubley_linked_list.java. Using fallback presentation compiler.
2026.05.01 19:11:59 INFO  no build target found for C:\Users\gujar\OneDrive\Documents\Java\linked_list\doubley_linked_list.java. Using fallback presentation compiler.
2026.05.01 19:11:59 INFO  no build target found for C:\Users\gujar\OneDrive\Documents\Java\linked_list\doubley_linked_list.java. Using fallback presentation compiler.
2026.05.01 19:11:59 INFO  no build target found for C:\Users\gujar\OneDrive\Documents\Java\linked_list\doubley_linked_list.java. Using fallback presentation compiler.
2026.05.01 19:11:59 INFO  no build target found for C:\Users\gujar\OneDrive\Documents\Java\linked_list\doubley_linked_list.java. Using fallback presentation compiler.
May 01, 2026 7:11:59 PM org.eclipse.lsp4j.jsonrpc.RemoteEndpoint handleCancellation
WARNING: Unmatched cancel notification for request id 148
2026.05.01 19:11:59 INFO  no build target found for C:\Users\gujar\OneDrive\Documents\Java\linked_list\doubley_linked_list.java. Using fallback presentation compiler.
2026.05.01 19:11:59 INFO  no build target found for C:\Users\gujar\OneDrive\Documents\Java\linked_list\doubley_linked_list.java. Using fallback presentation compiler.
2026.05.01 19:12:00 INFO  no build target found for C:\Users\gujar\OneDrive\Documents\Java\linked_list\doubley_linked_list.java. Using fallback presentation compiler.
2026.05.01 19:11:59 INFO  no build target found for C:\Users\gujar\OneDrive\Documents\Java\linked_list\doubley_linked_list.java. Using fallback presentation compiler.
2026.05.01 19:12:00 INFO  no build target found for C:\Users\gujar\OneDrive\Documents\Java\linked_list\doubley_linked_list.java. Using fallback presentation compiler.
2026.05.01 19:12:01 WARN  no build target for: C:\Users\gujar\OneDrive\Documents\Java\linked_list\doubley_linked_list.java
2026.05.01 19:12:01 INFO  QDox parse error in file:///C:/Users/gujar/OneDrive/Documents/Java/linked_list/doubley_linked_list.java (full report at: "C:\Users\gujar\OneDrive\Documents\Java\.metals\.reports\metals-full\2026-05-01\r_qdox-error_18-57-15-055.md")
2026.05.01 19:12:01 INFO  no build target found for C:\Users\gujar\OneDrive\Documents\Java\linked_list\doubley_linked_list.java. Using fallback presentation compiler.
2026.05.01 19:12:08 INFO  no build target found for C:\Users\gujar\OneDrive\Documents\Java\linked_list\doubley_linked_list.java. Using fallback presentation compiler.
2026.05.01 19:12:08 INFO  no build target found for C:\Users\gujar\OneDrive\Documents\Java\linked_list\doubley_linked_list.java. Using fallback presentation compiler.
2026.05.01 19:12:08 INFO  no build target found for C:\Users\gujar\OneDrive\Documents\Java\linked_list\doubley_linked_list.java. Using fallback presentation compiler.
2026.05.01 19:12:08 INFO  no build target found for C:\Users\gujar\OneDrive\Documents\Java\linked_list\doubley_linked_list.java. Using fallback presentation compiler.
2026.05.01 19:12:08 INFO  no build target found for C:\Users\gujar\OneDrive\Documents\Java\linked_list\doubley_linked_list.java. Using fallback presentation compiler.
2026.05.01 19:12:08 INFO  no build target found for C:\Users\gujar\OneDrive\Documents\Java\linked_list\doubley_linked_list.java. Using fallback presentation compiler.
2026.05.01 19:12:08 WARN  Running javac-semanticdb failed for file:///C:/Users/gujar/OneDrive/Documents/Java/linked_list/doubley_linked_list.java. Output:

2026.05.01 19:12:08 INFO  no build target found for C:\Users\gujar\OneDrive\Documents\Java\linked_list\doubley_linked_list.java. Using fallback presentation compiler.
2026.05.01 19:12:08 INFO  no build target found for C:\Users\gujar\OneDrive\Documents\Java\linked_list\doubley_linked_list.java. Using fallback presentation compiler.
2026.05.01 19:12:08 INFO  no build target found for C:\Users\gujar\OneDrive\Documents\Java\linked_list\doubley_linked_list.java. Using fallback presentation compiler.
2026.05.01 19:12:08 INFO  no build target found for C:\Users\gujar\OneDrive\Documents\Java\linked_list\doubley_linked_list.java. Using fallback presentation compiler.
2026.05.01 19:12:09 INFO  no build target found for C:\Users\gujar\OneDrive\Documents\Java\linked_list\doubley_linked_list.java. Using fallback presentation compiler.
2026.05.01 19:12:09 INFO  no build target found for C:\Users\gujar\OneDrive\Documents\Java\linked_list\doubley_linked_list.java. Using fallback presentation compiler.
2026.05.01 19:12:09 INFO  no build target found for C:\Users\gujar\OneDrive\Documents\Java\linked_list\doubley_linked_list.java. Using fallback presentation compiler.
2026.05.01 19:12:09 WARN  Running javac-semanticdb failed for file:///C:/Users/gujar/OneDrive/Documents/Java/linked_list/doubley_linked_list.java. Output:

2026.05.01 19:12:09 INFO  no build target found for C:\Users\gujar\OneDrive\Documents\Java\linked_list\doubley_linked_list.java. Using fallback presentation compiler.
2026.05.01 19:12:09 INFO  no build target found for C:\Users\gujar\OneDrive\Documents\Java\linked_list\doubley_linked_list.java. Using fallback presentation compiler.
2026.05.01 19:12:09 INFO  no build target found for C:\Users\gujar\OneDrive\Documents\Java\linked_list\doubley_linked_list.java. Using fallback presentation compiler.
2026.05.01 19:12:10 WARN  Running javac-semanticdb failed for file:///C:/Users/gujar/OneDrive/Documents/Java/linked_list/doubley_linked_list.java. Output:

2026.05.01 19:12:10 INFO  no build target found for C:\Users\gujar\OneDrive\Documents\Java\linked_list\doubley_linked_list.java. Using fallback presentation compiler.
2026.05.01 19:12:10 INFO  no build target found for C:\Users\gujar\OneDrive\Documents\Java\linked_list\doubley_linked_list.java. Using fallback presentation compiler.
2026.05.01 19:12:10 INFO  no build target found for C:\Users\gujar\OneDrive\Documents\Java\linked_list\doubley_linked_list.java. Using fallback presentation compiler.
2026.05.01 19:12:10 INFO  no build target found for C:\Users\gujar\OneDrive\Documents\Java\linked_list\doubley_linked_list.java. Using fallback presentation compiler.
2026.05.01 19:12:10 INFO  no build target found for C:\Users\gujar\OneDrive\Documents\Java\linked_list\doubley_linked_list.java. Using fallback presentation compiler.
May 01, 2026 7:12:10 PM org.eclipse.lsp4j.jsonrpc.RemoteEndpoint handleCancellation
WARNING: Unmatched cancel notification for request id 191
2026.05.01 19:12:10 INFO  no build target found for C:\Users\gujar\OneDrive\Documents\Java\linked_list\doubley_linked_list.java. Using fallback presentation compiler.
2026.05.01 19:12:10 INFO  no build target found for C:\Users\gujar\OneDrive\Documents\Java\linked_list\doubley_linked_list.java. Using fallback presentation compiler.
2026.05.01 19:12:10 INFO  no build target found for C:\Users\gujar\OneDrive\Documents\Java\linked_list\doubley_linked_list.java. Using fallback presentation compiler.
2026.05.01 19:12:11 WARN  Running javac-semanticdb failed for file:///C:/Users/gujar/OneDrive/Documents/Java/linked_list/doubley_linked_list.java. Output:

2026.05.01 19:12:10 INFO  no build target found for C:\Users\gujar\OneDrive\Documents\Java\linked_list\doubley_linked_list.java. Using fallback presentation compiler.
2026.05.01 19:12:10 INFO  no build target found for C:\Users\gujar\OneDrive\Documents\Java\linked_list\doubley_linked_list.java. Using fallback presentation compiler.
2026.05.01 19:12:10 INFO  no build target found for C:\Users\gujar\OneDrive\Documents\Java\linked_list\doubley_linked_list.java. Using fallback presentation compiler.
2026.05.01 19:12:10 INFO  no build target found for C:\Users\gujar\OneDrive\Documents\Java\linked_list\doubley_linked_list.java. Using fallback presentation compiler.
2026.05.01 19:12:10 INFO  no build target found for C:\Users\gujar\OneDrive\Documents\Java\linked_list\doubley_linked_list.java. Using fallback presentation compiler.
2026.05.01 19:12:10 INFO  no build target found for C:\Users\gujar\OneDrive\Documents\Java\linked_list\doubley_linked_list.java. Using fallback presentation compiler.
2026.05.01 19:12:11 INFO  no build target found for C:\Users\gujar\OneDrive\Documents\Java\linked_list\doubley_linked_list.java. Using fallback presentation compiler.
2026.05.01 19:12:10 INFO  no build target found for C:\Users\gujar\OneDrive\Documents\Java\linked_list\doubley_linked_list.java. Using fallback presentation compiler.
2026.05.01 19:12:10 INFO  no build target found for C:\Users\gujar\OneDrive\Documents\Java\linked_list\doubley_linked_list.java. Using fallback presentation compiler.
2026.05.01 19:12:11 INFO  no build target found for C:\Users\gujar\OneDrive\Documents\Java\linked_list\doubley_linked_list.java. Using fallback presentation compiler.
2026.05.01 19:12:11 INFO  no build target found for C:\Users\gujar\OneDrive\Documents\Java\linked_list\doubley_linked_list.java. Using fallback presentation compiler.
2026.05.01 19:12:11 WARN  Running javac-semanticdb failed for file:///C:/Users/gujar/OneDrive/Documents/Java/linked_list/doubley_linked_list.java. Output:

2026.05.01 19:12:11 INFO  no build target found for C:\Users\gujar\OneDrive\Documents\Java\linked_list\doubley_linked_list.java. Using fallback presentation compiler.
2026.05.01 19:12:11 WARN  no build target for: C:\Users\gujar\OneDrive\Documents\Java\linked_list\doubley_linked_list.java
2026.05.01 19:12:12 INFO  no build target found for C:\Users\gujar\OneDrive\Documents\Java\linked_list\doubley_linked_list.java. Using fallback presentation compiler.
2026.05.01 19:12:11 INFO  no build target found for c:\Users\gujar\OneDrive\Documents\Java\linked_list\doubley_linked_list.java. Using fallback presentation compiler.
2026.05.01 19:12:12 WARN  no build target for: C:\Users\gujar\OneDrive\Documents\Java\linked_list\double_linked.java
2026.05.01 19:12:11 INFO  no build target found for C:\Users\gujar\OneDrive\Documents\Java\linked_list\double_linked.java. Using fallback presentation compiler.
2026.05.01 19:12:12 INFO  no build target found for C:\Users\gujar\OneDrive\Documents\Java\linked_list\double_linked.java. Using fallback presentation compiler.
2026.05.01 19:12:12 INFO  no build target found for C:\Users\gujar\OneDrive\Documents\Java\linked_list\double_linked.java. Using fallback presentation compiler.
2026.05.01 19:12:12 INFO  no build target found for C:\Users\gujar\OneDrive\Documents\Java\linked_list\double_linked.java. Using fallback presentation compiler.
2026.05.01 19:12:13 INFO  no build target found for C:\Users\gujar\OneDrive\Documents\Java\linked_list\double_linked.java. Using fallback presentation compiler.
2026.05.01 19:12:19 INFO  no build target found for C:\Users\gujar\OneDrive\Documents\Java\linked_list\double_linked.java. Using fallback presentation compiler.
2026.05.01 19:12:22 INFO  no build target found for C:\Users\gujar\OneDrive\Documents\Java\linked_list\double_linked.java. Using fallback presentation compiler.
2026.05.01 19:12:22 INFO  no build target found for C:\Users\gujar\OneDrive\Documents\Java\linked_list\double_linked.java. Using fallback presentation compiler.
2026.05.01 19:12:24 INFO  no build target found for C:\Users\gujar\OneDrive\Documents\Java\linked_list\double_linked.java. Using fallback presentation compiler.
2026.05.01 19:12:39 INFO  no build target found for C:\Users\gujar\OneDrive\Documents\Java\linked_list\double_linked.java. Using fallback presentation compiler.
2026.05.01 19:12:42 INFO  no build target found for C:\Users\gujar\OneDrive\Documents\Java\linked_list\double_linked.java. Using fallback presentation compiler.
2026.05.01 19:12:44 INFO  no build target found for C:\Users\gujar\OneDrive\Documents\Java\linked_list\double_linked.java. Using fallback presentation compiler.
2026.05.01 19:12:58 INFO  no build target found for C:\Users\gujar\OneDrive\Documents\Java\linked_list\double_linked.java. Using fallback presentation compiler.
2026.05.01 19:12:58 INFO  no build target found for C:\Users\gujar\OneDrive\Documents\Java\linked_list\double_linked.java. Using fallback presentation compiler.
2026.05.01 19:13:05 INFO  no build target found for C:\Users\gujar\OneDrive\Documents\Java\linked_list\double_linked.java. Using fallback presentation compiler.
2026.05.01 19:13:05 INFO  no build target found for C:\Users\gujar\OneDrive\Documents\Java\linked_list\double_linked.java. Using fallback presentation compiler.
2026.05.01 19:13:07 INFO  no build target found for C:\Users\gujar\OneDrive\Documents\Java\linked_list\double_linked.java. Using fallback presentation compiler.
2026.05.01 19:13:07 INFO  no build target found for C:\Users\gujar\OneDrive\Documents\Java\linked_list\double_linked.java. Using fallback presentation compiler.
2026.05.01 19:13:07 INFO  no build target found for C:\Users\gujar\OneDrive\Documents\Java\linked_list\double_linked.java. Using fallback presentation compiler.
2026.05.01 19:13:07 INFO  no build target found for C:\Users\gujar\OneDrive\Documents\Java\linked_list\double_linked.java. Using fallback presentation compiler.
2026.05.01 19:13:07 INFO  no build target found for C:\Users\gujar\OneDrive\Documents\Java\linked_list\double_linked.java. Using fallback presentation compiler.
2026.05.01 19:13:07 INFO  no build target found for C:\Users\gujar\OneDrive\Documents\Java\linked_list\double_linked.java. Using fallback presentation compiler.
2026.05.01 19:13:07 INFO  no build target found for C:\Users\gujar\OneDrive\Documents\Java\linked_list\double_linked.java. Using fallback presentation compiler.
2026.05.01 19:13:08 INFO  no build target found for C:\Users\gujar\OneDrive\Documents\Java\linked_list\double_linked.java. Using fallback presentation compiler.
2026.05.01 19:13:08 INFO  no build target found for C:\Users\gujar\OneDrive\Documents\Java\linked_list\double_linked.java. Using fallback presentation compiler.
2026.05.01 19:13:08 INFO  no build target found for C:\Users\gujar\OneDrive\Documents\Java\linked_list\double_linked.java. Using fallback presentation compiler.
2026.05.01 19:13:08 INFO  no build target found for C:\Users\gujar\OneDrive\Documents\Java\linked_list\double_linked.java. Using fallback presentation compiler.
2026.05.01 19:13:08 INFO  no build target found for C:\Users\gujar\OneDrive\Documents\Java\linked_list\double_linked.java. Using fallback presentation compiler.
2026.05.01 19:13:08 INFO  no build target found for C:\Users\gujar\OneDrive\Documents\Java\linked_list\double_linked.java. Using fallback presentation compiler.
2026.05.01 19:13:09 INFO  no build target found for C:\Users\gujar\OneDrive\Documents\Java\linked_list\double_linked.java. Using fallback presentation compiler.
2026.05.01 19:13:09 INFO  no build target found for C:\Users\gujar\OneDrive\Documents\Java\linked_list\double_linked.java. Using fallback presentation compiler.
May 01, 2026 7:13:09 PM org.eclipse.lsp4j.jsonrpc.RemoteEndpoint handleCancellation
WARNING: Unmatched cancel notification for request id 271
2026.05.01 19:13:09 INFO  no build target found for C:\Users\gujar\OneDrive\Documents\Java\linked_list\double_linked.java. Using fallback presentation compiler.
2026.05.01 19:13:09 INFO  no build target found for C:\Users\gujar\OneDrive\Documents\Java\linked_list\double_linked.java. Using fallback presentation compiler.
2026.05.01 19:13:09 INFO  no build target found for C:\Users\gujar\OneDrive\Documents\Java\linked_list\double_linked.java. Using fallback presentation compiler.
2026.05.01 19:13:09 INFO  no build target found for C:\Users\gujar\OneDrive\Documents\Java\linked_list\double_linked.java. Using fallback presentation compiler.
2026.05.01 19:13:09 INFO  no build target found for C:\Users\gujar\OneDrive\Documents\Java\linked_list\double_linked.java. Using fallback presentation compiler.
2026.05.01 19:13:09 INFO  no build target found for C:\Users\gujar\OneDrive\Documents\Java\linked_list\double_linked.java. Using fallback presentation compiler.
2026.05.01 19:13:09 INFO  no build target found for C:\Users\gujar\OneDrive\Documents\Java\linked_list\double_linked.java. Using fallback presentation compiler.
2026.05.01 19:13:10 INFO  no build target found for C:\Users\gujar\OneDrive\Documents\Java\linked_list\double_linked.java. Using fallback presentation compiler.
2026.05.01 19:13:10 INFO  no build target found for C:\Users\gujar\OneDrive\Documents\Java\linked_list\double_linked.java. Using fallback presentation compiler.
2026.05.01 19:13:10 WARN  no build target for: C:\Users\gujar\OneDrive\Documents\Java\linked_list\double_linked.java
2026.05.01 19:13:10 INFO  no build target found for C:\Users\gujar\OneDrive\Documents\Java\linked_list\double_linked.java. Using fallback presentation compiler.
2026.05.01 19:13:12 INFO  no build target found for C:\Users\gujar\OneDrive\Documents\Java\linked_list\double_linked.java. Using fallback presentation compiler.
2026.05.01 19:13:12 INFO  no build target found for C:\Users\gujar\OneDrive\Documents\Java\linked_list\double_linked.java. Using fallback presentation compiler.
2026.05.01 19:13:12 WARN  Running javac-semanticdb failed for file:///C:/Users/gujar/OneDrive/Documents/Java/linked_list/double_linked.java. Output:

2026.05.01 19:13:12 INFO  no build target found for C:\Users\gujar\OneDrive\Documents\Java\linked_list\double_linked.java. Using fallback presentation compiler.
2026.05.01 19:13:12 INFO  no build target found for C:\Users\gujar\OneDrive\Documents\Java\linked_list\double_linked.java. Using fallback presentation compiler.
2026.05.01 19:13:12 WARN  no build target for: C:\Users\gujar\OneDrive\Documents\Java\linked_list\double_linked.java
2026.05.01 19:13:12 INFO  no build target found for C:\Users\gujar\OneDrive\Documents\Java\linked_list\double_linked.java. Using fallback presentation compiler.
2026.05.01 19:13:27 INFO  no build target found for C:\Users\gujar\OneDrive\Documents\Java\linked_list\double_linked.java. Using fallback presentation compiler.
2026.05.01 19:13:36 WARN  no build target for: C:\Users\gujar\OneDrive\Documents\Java\linked_list\creating_linked_list.java
2026.05.01 19:13:36 INFO  no build target found for C:\Users\gujar\OneDrive\Documents\Java\linked_list\creating_linked_list.java. Using fallback presentation compiler.
May 01, 2026 7:13:36 PM org.eclipse.lsp4j.jsonrpc.RemoteEndpoint handleCancellation
WARNING: Unmatched cancel notification for request id 306
2026.05.01 19:13:36 INFO  no build target found for C:\Users\gujar\OneDrive\Documents\Java\linked_list\creating_linked_list.java. Using fallback presentation compiler.
2026.05.01 19:13:36 INFO  no build target found for C:\Users\gujar\OneDrive\Documents\Java\linked_list\creating_linked_list.java. Using fallback presentation compiler.
2026.05.01 19:13:36 WARN  Running javac-semanticdb failed for file:///C:/Users/gujar/OneDrive/Documents/Java/linked_list/creating_linked_list.java. Output:

2026.05.01 19:13:36 INFO  no build target found for C:\Users\gujar\OneDrive\Documents\Java\linked_list\creating_linked_list.java. Using fallback presentation compiler.
2026.05.01 19:13:37 INFO  no build target found for C:\Users\gujar\OneDrive\Documents\Java\linked_list\creating_linked_list.java. Using fallback presentation compiler.
2026.05.01 19:13:36 INFO  no build target found for C:\Users\gujar\OneDrive\Documents\Java\linked_list\creating_linked_list.java. Using fallback presentation compiler.
2026.05.01 19:13:46 INFO  no build target found for C:\Users\gujar\OneDrive\Documents\Java\linked_list\double_linked.java. Using fallback presentation compiler.
2026.05.01 19:13:46 WARN  no build target for: C:\Users\gujar\OneDrive\Documents\Java\linked_list\double_linked.java
2026.05.01 19:13:46 INFO  no build target found for C:\Users\gujar\OneDrive\Documents\Java\linked_list\double_linked.java. Using fallback presentation compiler.
2026.05.01 19:13:46 INFO  no build target found for C:\Users\gujar\OneDrive\Documents\Java\linked_list\double_linked.java. Using fallback presentation compiler.
2026.05.01 19:13:46 INFO  no build target found for C:\Users\gujar\OneDrive\Documents\Java\linked_list\double_linked.java. Using fallback presentation compiler.
2026.05.01 19:13:48 WARN  no build target for: C:\Users\gujar\OneDrive\Documents\Java\file_handling\first.java
2026.05.01 19:13:48 INFO  no build target found for C:\Users\gujar\OneDrive\Documents\Java\file_handling\first.java. Using fallback presentation compiler.
2026.05.01 19:13:48 INFO  no build target found for C:\Users\gujar\OneDrive\Documents\Java\file_handling\first.java. Using fallback presentation compiler.
2026.05.01 19:13:48 INFO  no build target found for C:\Users\gujar\OneDrive\Documents\Java\file_handling\first.java. Using fallback presentation compiler.
2026.05.01 19:13:48 INFO  no build target found for C:\Users\gujar\OneDrive\Documents\Java\file_handling\first.java. Using fallback presentation compiler.
2026.05.01 19:13:48 INFO  no build target found for C:\Users\gujar\OneDrive\Documents\Java\file_handling\first.java. Using fallback presentation compiler.
2026.05.01 19:13:49 INFO  no build target found for C:\Users\gujar\OneDrive\Documents\Java\file_handling\first.java. Using fallback presentation compiler.
2026.05.01 19:13:54 INFO  no build target found for C:\Users\gujar\OneDrive\Documents\Java\linked_list\double_linked.java. Using fallback presentation compiler.
2026.05.01 19:13:54 WARN  no build target for: C:\Users\gujar\OneDrive\Documents\Java\linked_list\double_linked.java
2026.05.01 19:13:54 INFO  no build target found for C:\Users\gujar\OneDrive\Documents\Java\linked_list\double_linked.java. Using fallback presentation compiler.
2026.05.01 19:13:54 INFO  no build target found for C:\Users\gujar\OneDrive\Documents\Java\linked_list\double_linked.java. Using fallback presentation compiler.
2026.05.01 19:13:54 INFO  no build target found for C:\Users\gujar\OneDrive\Documents\Java\linked_list\double_linked.java. Using fallback presentation compiler.
2026.05.01 19:14:13 INFO  no build target found for C:\Users\gujar\OneDrive\Documents\Java\linked_list\creating_linked_list.java. Using fallback presentation compiler.
2026.05.01 19:14:13 WARN  no build target for: C:\Users\gujar\OneDrive\Documents\Java\linked_list\creating_linked_list.java
2026.05.01 19:14:13 INFO  no build target found for C:\Users\gujar\OneDrive\Documents\Java\linked_list\creating_linked_list.java. Using fallback presentation compiler.
2026.05.01 19:14:14 INFO  no build target found for C:\Users\gujar\OneDrive\Documents\Java\linked_list\creating_linked_list.java. Using fallback presentation compiler.
2026.05.01 19:14:13 INFO  no build target found for C:\Users\gujar\OneDrive\Documents\Java\linked_list\creating_linked_list.java. Using fallback presentation compiler.
2026.05.01 19:14:13 INFO  no build target found for C:\Users\gujar\OneDrive\Documents\Java\linked_list\creating_linked_list.java. Using fallback presentation compiler.
2026.05.01 19:14:13 INFO  no build target found for C:\Users\gujar\OneDrive\Documents\Java\linked_list\creating_linked_list.java. Using fallback presentation compiler.
2026.05.01 19:14:16 INFO  no build target found for C:\Users\gujar\OneDrive\Documents\Java\linked_list\double_linked.java. Using fallback presentation compiler.
2026.05.01 19:14:16 WARN  no build target for: C:\Users\gujar\OneDrive\Documents\Java\linked_list\double_linked.java
2026.05.01 19:14:17 INFO  no build target found for C:\Users\gujar\OneDrive\Documents\Java\linked_list\double_linked.java. Using fallback presentation compiler.
2026.05.01 19:14:18 INFO  no build target found for C:\Users\gujar\OneDrive\Documents\Java\linked_list\creating_linked_list.java. Using fallback presentation compiler.
2026.05.01 19:14:18 WARN  no build target for: C:\Users\gujar\OneDrive\Documents\Java\linked_list\creating_linked_list.java
2026.05.01 19:14:18 INFO  no build target found for C:\Users\gujar\OneDrive\Documents\Java\linked_list\creating_linked_list.java. Using fallback presentation compiler.
2026.05.01 19:14:18 INFO  no build target found for C:\Users\gujar\OneDrive\Documents\Java\linked_list\creating_linked_list.java. Using fallback presentation compiler.
2026.05.01 19:14:18 INFO  no build target found for C:\Users\gujar\OneDrive\Documents\Java\linked_list\creating_linked_list.java. Using fallback presentation compiler.
2026.05.01 19:14:18 INFO  no build target found for C:\Users\gujar\OneDrive\Documents\Java\linked_list\creating_linked_list.java. Using fallback presentation compiler.
2026.05.01 19:14:18 INFO  no build target found for C:\Users\gujar\OneDrive\Documents\Java\linked_list\creating_linked_list.java. Using fallback presentation compiler.
2026.05.01 19:14:19 INFO  no build target found for C:\Users\gujar\OneDrive\Documents\Java\linked_list\creating_linked_list.java. Using fallback presentation compiler.
2026.05.01 19:14:19 INFO  no build target found for C:\Users\gujar\OneDrive\Documents\Java\linked_list\creating_linked_list.java. Using fallback presentation compiler.
2026.05.01 19:14:21 INFO  no build target found for C:\Users\gujar\OneDrive\Documents\Java\linked_list\creating_linked_list.java. Using fallback presentation compiler.
2026.05.01 19:14:21 INFO  no build target found for C:\Users\gujar\OneDrive\Documents\Java\linked_list\creating_linked_list.java. Using fallback presentation compiler.
2026.05.01 19:14:25 INFO  no build target found for C:\Users\gujar\OneDrive\Documents\Java\linked_list\double_linked.java. Using fallback presentation compiler.
2026.05.01 19:14:25 WARN  no build target for: C:\Users\gujar\OneDrive\Documents\Java\linked_list\double_linked.java
2026.05.01 19:14:25 INFO  no build target found for C:\Users\gujar\OneDrive\Documents\Java\linked_list\double_linked.java. Using fallback presentation compiler.
2026.05.01 19:14:25 INFO  no build target found for C:\Users\gujar\OneDrive\Documents\Java\linked_list\double_linked.java. Using fallback presentation compiler.
2026.05.01 19:14:27 INFO  no build target found for C:\Users\gujar\OneDrive\Documents\Java\linked_list\double_linked.java. Using fallback presentation compiler.
2026.05.01 19:14:27 INFO  no build target found for C:\Users\gujar\OneDrive\Documents\Java\linked_list\double_linked.java. Using fallback presentation compiler.
2026.05.01 19:15:15 INFO  no build target found for C:\Users\gujar\OneDrive\Documents\Java\linked_list\double_linked.java. Using fallback presentation compiler.
2026.05.01 19:15:48 INFO  no build target found for C:\Users\gujar\OneDrive\Documents\Java\linked_list\double_linked.java. Using fallback presentation compiler.
2026.05.01 19:15:59 INFO  Shutting down server
2026.05.01 19:15:59 INFO  Memory monitor stopped
2026.05.01 19:15:59 INFO  shutting down Metals
2026.05.01 19:15:59 INFO  Exiting server
2026.05.01 19:16:16 INFO  Started: Metals version 1.6.7 in folders 'C:\Users\gujar\OneDrive\Documents\Java' for client Visual Studio Code 1.118.1.
2026.05.01 19:16:16 INFO  Memory monitor started
2026.05.01 19:16:17 WARN  Using H2 2.4.240 which is newer than the version Flyway has been verified with. The latest verified version of H2 is 2.3.232.
2026.05.01 19:16:24 INFO  no build target found for C:\Users\gujar\OneDrive\Documents\Java\linked_list\double_linked.java. Using fallback presentation compiler.
2026.05.01 19:16:26 WARN  no build tool detected in workspace 'C:\Users\gujar\OneDrive\Documents\Java'. The most common cause for this problem is that the editor was opened in the wrong working directory, for example if you use sbt then the workspace directory should contain build.sbt. 
2026.05.01 19:16:26 WARN  Build server is not auto-connectable.
2026.05.01 19:16:26 WARN  no build target for: C:\Users\gujar\OneDrive\Documents\Java\linked_list\double_linked.java
May 01, 2026 7:16:29 PM org.eclipse.lsp4j.jsonrpc.RemoteEndpoint handleCancellation
WARNING: Unmatched cancel notification for request id 6
May 01, 2026 7:16:29 PM org.eclipse.lsp4j.jsonrpc.services.GenericEndpoint notify
INFO: Unsupported notification method: $/setTrace
May 01, 2026 7:16:30 PM org.eclipse.lsp4j.jsonrpc.RemoteEndpoint handleCancellation
WARNING: Unmatched cancel notification for request id 2
2026.05.01 19:16:30 INFO  no build target found for C:\Users\gujar\OneDrive\Documents\Java\linked_list\double_linked.java. Using fallback presentation compiler.
2026.05.01 19:16:30 INFO  no build target found for C:\Users\gujar\OneDrive\Documents\Java\linked_list\double_linked.java. Using fallback presentation compiler.
May 01, 2026 7:16:30 PM org.eclipse.lsp4j.jsonrpc.RemoteEndpoint handleCancellation
WARNING: Unmatched cancel notification for request id 10
2026.05.01 19:16:30 INFO  no build target found for C:\Users\gujar\OneDrive\Documents\Java\linked_list\double_linked.java. Using fallback presentation compiler.
2026.05.01 19:16:30 INFO  no build target found for C:\Users\gujar\OneDrive\Documents\Java\linked_list\double_linked.java. Using fallback presentation compiler.
2026.05.01 19:16:30 INFO  no build target found for C:\Users\gujar\OneDrive\Documents\Java\linked_list\double_linked.java. Using fallback presentation compiler.
2026.05.01 19:16:30 INFO  no build target found for C:\Users\gujar\OneDrive\Documents\Java\linked_list\double_linked.java. Using fallback presentation compiler.
May 01, 2026 7:16:30 PM org.eclipse.lsp4j.jsonrpc.RemoteEndpoint handleCancellation
WARNING: Unmatched cancel notification for request id 12
May 01, 2026 7:16:30 PM org.eclipse.lsp4j.jsonrpc.RemoteEndpoint handleCancellation
WARNING: Unmatched cancel notification for request id 13
May 01, 2026 7:16:30 PM org.eclipse.lsp4j.jsonrpc.RemoteEndpoint handleCancellation
WARNING: Unmatched cancel notification for request id 14
May 01, 2026 7:16:31 PM org.eclipse.lsp4j.jsonrpc.RemoteEndpoint handleCancellation
WARNING: Unmatched cancel notification for request id 15
2026.05.01 19:16:31 INFO  no build target found for C:\Users\gujar\OneDrive\Documents\Java\linked_list\double_linked.java. Using fallback presentation compiler.
2026.05.01 19:16:31 INFO  no build target found for C:\Users\gujar\OneDrive\Documents\Java\linked_list\double_linked.java. Using fallback presentation compiler.
2026.05.01 19:16:31 INFO  no build target found for C:\Users\gujar\OneDrive\Documents\Java\linked_list\double_linked.java. Using fallback presentation compiler.
2026.05.01 19:16:31 INFO  no build target found for C:\Users\gujar\OneDrive\Documents\Java\linked_list\double_linked.java. Using fallback presentation compiler.
2026.05.01 19:16:31 INFO  no build target found for C:\Users\gujar\OneDrive\Documents\Java\linked_list\double_linked.java. Using fallback presentation compiler.
2026.05.01 19:16:33 INFO  no build target found for C:\Users\gujar\OneDrive\Documents\Java\linked_list\double_linked.java. Using fallback presentation compiler.
2026.05.01 19:16:53 INFO  no build target found for C:\Users\gujar\OneDrive\Documents\Java\linked_list\double_linked.java. Using fallback presentation compiler.
2026.05.01 19:16:53 WARN  no build target for: C:\Users\gujar\OneDrive\Documents\Java\linked_list\double_linked.java
2026.05.01 19:16:53 INFO  no build target found for C:\Users\gujar\OneDrive\Documents\Java\linked_list\double_linked.java. Using fallback presentation compiler.
2026.05.01 19:16:53 INFO  no build target found for C:\Users\gujar\OneDrive\Documents\Java\linked_list\double_linked.java. Using fallback presentation compiler.
2026.05.01 19:16:53 INFO  no build target found for C:\Users\gujar\OneDrive\Documents\Java\linked_list\double_linked.java. Using fallback presentation compiler.
2026.05.01 19:17:13 INFO  no build target found for C:\Users\gujar\OneDrive\Documents\Java\linked_list\double_linked.java. Using fallback presentation compiler.
2026.05.01 19:17:13 WARN  no build target for: C:\Users\gujar\OneDrive\Documents\Java\linked_list\double_linked.java
2026.05.01 19:17:13 INFO  no build target found for C:\Users\gujar\OneDrive\Documents\Java\linked_list\double_linked.java. Using fallback presentation compiler.
2026.05.01 19:17:13 INFO  no build target found for C:\Users\gujar\OneDrive\Documents\Java\linked_list\double_linked.java. Using fallback presentation compiler.
2026.05.01 19:17:13 INFO  no build target found for C:\Users\gujar\OneDrive\Documents\Java\linked_list\double_linked.java. Using fallback presentation compiler.
2026.05.01 19:17:39 INFO  no build target found for C:\Users\gujar\OneDrive\Documents\Java\linked_list\double_linked.java. Using fallback presentation compiler.
2026.05.01 19:17:42 INFO  no build target found for C:\Users\gujar\OneDrive\Documents\Java\linked_list\double_linked.java. Using fallback presentation compiler.
2026.05.01 19:17:49 WARN  no build target for: C:\Users\gujar\OneDrive\Documents\Java\linked_list\double_linked.java
2026.05.01 19:17:49 INFO  no build target found for C:\Users\gujar\OneDrive\Documents\Java\linked_list\double_linked.java. Using fallback presentation compiler.
2026.05.01 19:17:51 INFO  no build target found for C:\Users\gujar\OneDrive\Documents\Java\linked_list\double_linked.java. Using fallback presentation compiler.
2026.05.01 19:17:54 INFO  no build target found for C:\Users\gujar\OneDrive\Documents\Java\linked_list\double_linked.java. Using fallback presentation compiler.
2026.05.01 19:17:56 INFO  no build target found for C:\Users\gujar\OneDrive\Documents\Java\linked_list\double_linked.java. Using fallback presentation compiler.
2026.05.01 19:18:07 INFO  Shutting down server
2026.05.01 19:18:07 INFO  Memory monitor stopped
2026.05.01 19:18:07 INFO  shutting down Metals
2026.05.01 19:18:07 INFO  Exiting server
2026.05.01 19:23:49 INFO  Started: Metals version 1.6.7 in folders 'C:\Users\gujar\OneDrive\Documents\Java' for client Visual Studio Code 1.118.1.
2026.05.01 19:23:49 INFO  Memory monitor started
2026.05.01 19:23:50 WARN  Using H2 2.4.240 which is newer than the version Flyway has been verified with. The latest verified version of H2 is 2.3.232.
2026.05.01 19:23:50 INFO  no build target found for C:\Users\gujar\OneDrive\Documents\Java\linked_list\double_linked.java. Using fallback presentation compiler.
2026.05.01 19:23:52 WARN  no build tool detected in workspace 'C:\Users\gujar\OneDrive\Documents\Java'. The most common cause for this problem is that the editor was opened in the wrong working directory, for example if you use sbt then the workspace directory should contain build.sbt. 
2026.05.01 19:23:52 WARN  Build server is not auto-connectable.
2026.05.01 19:23:52 WARN  no build target for: C:\Users\gujar\OneDrive\Documents\Java\linked_list\double_linked.java
May 01, 2026 7:23:58 PM org.eclipse.lsp4j.jsonrpc.RemoteEndpoint handleCancellation
WARNING: Unmatched cancel notification for request id 6
May 01, 2026 7:23:58 PM org.eclipse.lsp4j.jsonrpc.RemoteEndpoint handleCancellation
WARNING: Unmatched cancel notification for request id 2
2026.05.01 19:23:59 INFO  no build target found for C:\Users\gujar\OneDrive\Documents\Java\linked_list\double_linked.java. Using fallback presentation compiler.
May 01, 2026 7:24:00 PM org.eclipse.lsp4j.jsonrpc.RemoteEndpoint handleCancellation
WARNING: Unmatched cancel notification for request id 7
May 01, 2026 7:24:01 PM org.eclipse.lsp4j.jsonrpc.RemoteEndpoint handleCancellation
WARNING: Unmatched cancel notification for request id 8
2026.05.01 19:24:01 INFO  no build target found for C:\Users\gujar\OneDrive\Documents\Java\linked_list\double_linked.java. Using fallback presentation compiler.
2026.05.01 19:24:01 INFO  no build target found for C:\Users\gujar\OneDrive\Documents\Java\linked_list\double_linked.java. Using fallback presentation compiler.
2026.05.01 19:24:01 INFO  no build target found for C:\Users\gujar\OneDrive\Documents\Java\linked_list\double_linked.java. Using fallback presentation compiler.
2026.05.01 19:24:01 INFO  no build target found for C:\Users\gujar\OneDrive\Documents\Java\linked_list\double_linked.java. Using fallback presentation compiler.
2026.05.01 19:24:01 INFO  no build target found for C:\Users\gujar\OneDrive\Documents\Java\linked_list\double_linked.java. Using fallback presentation compiler.
May 01, 2026 7:24:01 PM org.eclipse.lsp4j.jsonrpc.RemoteEndpoint handleCancellation
WARNING: Unmatched cancel notification for request id 11
May 01, 2026 7:24:01 PM org.eclipse.lsp4j.jsonrpc.RemoteEndpoint handleCancellation
WARNING: Unmatched cancel notification for request id 12
May 01, 2026 7:24:01 PM org.eclipse.lsp4j.jsonrpc.RemoteEndpoint handleCancellation
WARNING: Unmatched cancel notification for request id 13
May 01, 2026 7:24:01 PM org.eclipse.lsp4j.jsonrpc.services.GenericEndpoint notify
INFO: Unsupported notification method: $/setTrace
May 01, 2026 7:24:01 PM org.eclipse.lsp4j.jsonrpc.services.GenericEndpoint notify
INFO: Unsupported notification method: $/setTrace
2026.05.01 19:24:01 INFO  no build target found for C:\Users\gujar\OneDrive\Documents\Java\linked_list\double_linked.java. Using fallback presentation compiler.
2026.05.01 19:24:01 INFO  no build target found for C:\Users\gujar\OneDrive\Documents\Java\linked_list\double_linked.java. Using fallback presentation compiler.
May 01, 2026 7:24:02 PM org.eclipse.lsp4j.jsonrpc.RemoteEndpoint handleCancellation
WARNING: Unmatched cancel notification for request id 16
May 01, 2026 7:24:02 PM org.eclipse.lsp4j.jsonrpc.RemoteEndpoint handleCancellation
WARNING: Unmatched cancel notification for request id 18
2026.05.01 19:24:02 INFO  no build target found for C:\Users\gujar\OneDrive\Documents\Java\linked_list\double_linked.java. Using fallback presentation compiler.
2026.05.01 19:24:01 INFO  no build target found for C:\Users\gujar\OneDrive\Documents\Java\linked_list\double_linked.java. Using fallback presentation compiler.
2026.05.01 19:24:01 INFO  no build target found for C:\Users\gujar\OneDrive\Documents\Java\linked_list\double_linked.java. Using fallback presentation compiler.
2026.05.01 19:24:02 INFO  no build target found for C:\Users\gujar\OneDrive\Documents\Java\linked_list\double_linked.java. Using fallback presentation compiler.
May 01, 2026 7:24:02 PM org.eclipse.lsp4j.jsonrpc.RemoteEndpoint handleCancellation
WARNING: Unmatched cancel notification for request id 23
2026.05.01 19:24:02 INFO  no build target found for C:\Users\gujar\OneDrive\Documents\Java\linked_list\double_linked.java. Using fallback presentation compiler.
May 01, 2026 7:24:03 PM org.eclipse.lsp4j.jsonrpc.services.GenericEndpoint notify
INFO: Unsupported notification method: $/setTrace
2026.05.01 19:24:03 INFO  no build target found for C:\Users\gujar\OneDrive\Documents\Java\linked_list\double_linked.java. Using fallback presentation compiler.
2026.05.01 19:24:04 INFO  no build target found for C:\Users\gujar\OneDrive\Documents\Java\linked_list\double_linked.java. Using fallback presentation compiler.
May 01, 2026 7:24:06 PM org.eclipse.lsp4j.jsonrpc.services.GenericEndpoint notify
INFO: Unsupported notification method: $/setTrace
2026.05.01 19:24:06 INFO  no build target found for C:\Users\gujar\OneDrive\Documents\Java\linked_list\double_linked.java. Using fallback presentation compiler.
2026.05.01 19:24:16 WARN  no build target for: C:\Users\gujar\OneDrive\Documents\Java\linked_list\creating_linked_list.java
2026.05.01 19:24:16 INFO  no build target found for C:\Users\gujar\OneDrive\Documents\Java\linked_list\creating_linked_list.java. Using fallback presentation compiler.
May 01, 2026 7:24:16 PM org.eclipse.lsp4j.jsonrpc.RemoteEndpoint handleCancellation
WARNING: Unmatched cancel notification for request id 35
2026.05.01 19:24:16 INFO  no build target found for C:\Users\gujar\OneDrive\Documents\Java\linked_list\creating_linked_list.java. Using fallback presentation compiler.
2026.05.01 19:24:17 WARN  Running javac-semanticdb failed for file:///C:/Users/gujar/OneDrive/Documents/Java/linked_list/creating_linked_list.java. Output:

2026.05.01 19:24:17 INFO  no build target found for C:\Users\gujar\OneDrive\Documents\Java\linked_list\creating_linked_list.java. Using fallback presentation compiler.
2026.05.01 19:24:16 INFO  no build target found for C:\Users\gujar\OneDrive\Documents\Java\linked_list\creating_linked_list.java. Using fallback presentation compiler.
2026.05.01 19:24:18 INFO  no build target found for C:\Users\gujar\OneDrive\Documents\Java\linked_list\creating_linked_list.java. Using fallback presentation compiler.
2026.05.01 19:24:24 INFO  no build target found for C:\Users\gujar\OneDrive\Documents\Java\linked_list\creating_linked_list.java. Using fallback presentation compiler.
2026.05.01 19:24:24 INFO  no build target found for C:\Users\gujar\OneDrive\Documents\Java\linked_list\creating_linked_list.java. Using fallback presentation compiler.
2026.05.01 19:24:24 INFO  no build target found for C:\Users\gujar\OneDrive\Documents\Java\linked_list\creating_linked_list.java. Using fallback presentation compiler.
2026.05.01 19:24:29 INFO  no build target found for C:\Users\gujar\OneDrive\Documents\Java\linked_list\creating_linked_list.java. Using fallback presentation compiler.
2026.05.01 19:24:29 INFO  no build target found for C:\Users\gujar\OneDrive\Documents\Java\linked_list\creating_linked_list.java. Using fallback presentation compiler.
2026.05.01 19:24:29 INFO  no build target found for C:\Users\gujar\OneDrive\Documents\Java\linked_list\creating_linked_list.java. Using fallback presentation compiler.
2026.05.01 19:24:30 INFO  no build target found for C:\Users\gujar\OneDrive\Documents\Java\linked_list\creating_linked_list.java. Using fallback presentation compiler.
2026.05.01 19:24:31 INFO  no build target found for C:\Users\gujar\OneDrive\Documents\Java\linked_list\creating_linked_list.java. Using fallback presentation compiler.
2026.05.01 19:24:31 WARN  Running javac-semanticdb failed for file:///C:/Users/gujar/OneDrive/Documents/Java/linked_list/creating_linked_list.java. Output:

2026.05.01 19:24:31 WARN  no build target for: C:\Users\gujar\OneDrive\Documents\Java\linked_list\creating_linked_list.java
2026.05.01 19:24:31 INFO  no build target found for C:\Users\gujar\OneDrive\Documents\Java\linked_list\creating_linked_list.java. Using fallback presentation compiler.
2026.05.01 19:24:31 INFO  no build target found for C:\Users\gujar\OneDrive\Documents\Java\linked_list\creating_linked_list.java. Using fallback presentation compiler.
2026.05.01 19:24:43 INFO  no build target found for C:\Users\gujar\OneDrive\Documents\Java\linked_list\creating_linked_list.java. Using fallback presentation compiler.
2026.05.01 19:24:43 INFO  no build target found for C:\Users\gujar\OneDrive\Documents\Java\linked_list\creating_linked_list.java. Using fallback presentation compiler.
2026.05.01 19:24:43 INFO  no build target found for C:\Users\gujar\OneDrive\Documents\Java\linked_list\creating_linked_list.java. Using fallback presentation compiler.
2026.05.01 19:24:43 INFO  no build target found for C:\Users\gujar\OneDrive\Documents\Java\linked_list\creating_linked_list.java. Using fallback presentation compiler.
2026.05.01 19:24:44 WARN  no build target for: C:\Users\gujar\OneDrive\Documents\Java\linked_list\creating_linked_list.java
2026.05.01 19:24:44 INFO  no build target found for C:\Users\gujar\OneDrive\Documents\Java\linked_list\creating_linked_list.java. Using fallback presentation compiler.
2026.05.01 19:24:48 INFO  no build target found for C:\Users\gujar\OneDrive\Documents\Java\linked_list\double_linked.java. Using fallback presentation compiler.
2026.05.01 19:24:48 WARN  no build target for: C:\Users\gujar\OneDrive\Documents\Java\linked_list\double_linked.java
2026.05.01 19:24:48 INFO  no build target found for C:\Users\gujar\OneDrive\Documents\Java\linked_list\double_linked.java. Using fallback presentation compiler.
2026.05.01 19:24:48 INFO  no build target found for C:\Users\gujar\OneDrive\Documents\Java\linked_list\double_linked.java. Using fallback presentation compiler.
2026.05.01 19:24:48 INFO  no build target found for C:\Users\gujar\OneDrive\Documents\Java\linked_list\double_linked.java. Using fallback presentation compiler.
2026.05.01 19:24:49 INFO  no build target found for C:\Users\gujar\OneDrive\Documents\Java\linked_list\double_linked.java. Using fallback presentation compiler.
2026.05.01 19:24:57 WARN  no build target for: C:\Users\gujar\OneDrive\Documents\Java\file_handling\write.java
2026.05.01 19:24:57 INFO  no build target found for C:\Users\gujar\OneDrive\Documents\Java\file_handling\write.java. Using fallback presentation compiler.
2026.05.01 19:24:57 INFO  no build target found for C:\Users\gujar\OneDrive\Documents\Java\file_handling\write.java. Using fallback presentation compiler.
2026.05.01 19:24:57 INFO  no build target found for C:\Users\gujar\OneDrive\Documents\Java\file_handling\write.java. Using fallback presentation compiler.
2026.05.01 19:24:57 INFO  no build target found for C:\Users\gujar\OneDrive\Documents\Java\file_handling\write.java. Using fallback presentation compiler.
2026.05.01 19:24:57 INFO  no build target found for C:\Users\gujar\OneDrive\Documents\Java\file_handling\write.java. Using fallback presentation compiler.
2026.05.01 19:24:58 WARN  no build target for: C:\Users\gujar\OneDrive\Documents\Java\file_handling\first.java
2026.05.01 19:24:58 INFO  no build target found for C:\Users\gujar\OneDrive\Documents\Java\file_handling\first.java. Using fallback presentation compiler.
2026.05.01 19:24:59 INFO  no build target found for C:\Users\gujar\OneDrive\Documents\Java\file_handling\first.java. Using fallback presentation compiler.
2026.05.01 19:24:58 INFO  no build target found for C:\Users\gujar\OneDrive\Documents\Java\file_handling\first.java. Using fallback presentation compiler.
2026.05.01 19:24:58 INFO  no build target found for C:\Users\gujar\OneDrive\Documents\Java\file_handling\first.java. Using fallback presentation compiler.
2026.05.01 19:24:59 INFO  no build target found for C:\Users\gujar\OneDrive\Documents\Java\file_handling\first.java. Using fallback presentation compiler.
2026.05.01 19:25:07 WARN  no build target for: C:\Users\gujar\OneDrive\Documents\Java\.vscode\date.java
2026.05.01 19:25:07 INFO  no build target found for C:\Users\gujar\OneDrive\Documents\Java\.vscode\date.java. Using fallback presentation compiler.
2026.05.01 19:25:07 INFO  no build target found for C:\Users\gujar\OneDrive\Documents\Java\.vscode\date.java. Using fallback presentation compiler.
2026.05.01 19:25:07 INFO  no build target found for C:\Users\gujar\OneDrive\Documents\Java\.vscode\date.java. Using fallback presentation compiler.
2026.05.01 19:25:07 INFO  no build target found for C:\Users\gujar\OneDrive\Documents\Java\.vscode\date.java. Using fallback presentation compiler.
2026.05.01 19:25:08 INFO  no build target found for C:\Users\gujar\OneDrive\Documents\Java\.vscode\date.java. Using fallback presentation compiler.
2026.05.01 19:25:34 WARN  no build target for: C:\Users\gujar\OneDrive\Documents\Java\.vscode\date.java
2026.05.01 19:25:34 INFO  no build target found for C:\Users\gujar\OneDrive\Documents\Java\.vscode\date.java. Using fallback presentation compiler.
2026.05.01 19:25:39 WARN  no build target for: C:\Users\gujar\OneDrive\Documents\Java\.vscode\date.java
2026.05.01 19:25:39 INFO  no build target found for C:\Users\gujar\OneDrive\Documents\Java\.vscode\date.java. Using fallback presentation compiler.
2026.05.01 19:25:48 INFO  no build target found for C:\Users\gujar\OneDrive\Documents\Java\linked_list\double_linked.java. Using fallback presentation compiler.
2026.05.01 19:25:48 WARN  no build target for: C:\Users\gujar\OneDrive\Documents\Java\linked_list\double_linked.java
2026.05.01 19:25:48 INFO  no build target found for C:\Users\gujar\OneDrive\Documents\Java\linked_list\double_linked.java. Using fallback presentation compiler.
2026.05.01 19:25:48 INFO  no build target found for C:\Users\gujar\OneDrive\Documents\Java\linked_list\double_linked.java. Using fallback presentation compiler.
2026.05.01 19:25:48 INFO  no build target found for C:\Users\gujar\OneDrive\Documents\Java\linked_list\double_linked.java. Using fallback presentation compiler.
2026.05.01 19:25:50 INFO  no build target found for C:\Users\gujar\OneDrive\Documents\Java\linked_list\double_linked.java. Using fallback presentation compiler.
2026.05.01 19:26:04 INFO  no build target found for C:\Users\gujar\OneDrive\Documents\Java\linked_list\double_linked.java. Using fallback presentation compiler.
2026.05.01 19:26:04 INFO  no build target found for C:\Users\gujar\OneDrive\Documents\Java\linked_list\double_linked.java. Using fallback presentation compiler.
2026.05.01 19:26:05 INFO  no build target found for C:\Users\gujar\OneDrive\Documents\Java\linked_list\double_linked.java. Using fallback presentation compiler.
2026.05.01 19:26:05 INFO  no build target found for C:\Users\gujar\OneDrive\Documents\Java\linked_list\double_linked.java. Using fallback presentation compiler.
2026.05.01 19:26:12 INFO  no build target found for C:\Users\gujar\OneDrive\Documents\Java\linked_list\double_linked.java. Using fallback presentation compiler.
2026.05.01 19:26:34 INFO  no build target found for C:\Users\gujar\OneDrive\Documents\Java\linked_list\double_linked.java. Using fallback presentation compiler.
2026.05.01 19:26:41 INFO  no build target found for C:\Users\gujar\OneDrive\Documents\Java\linked_list\double_linked.java. Using fallback presentation compiler.
2026.05.01 19:26:41 INFO  no build target found for C:\Users\gujar\OneDrive\Documents\Java\linked_list\double_linked.java. Using fallback presentation compiler.
2026.05.01 19:26:43 INFO  no build target found for C:\Users\gujar\OneDrive\Documents\Java\linked_list\double_linked.java. Using fallback presentation compiler.
2026.05.01 19:26:43 INFO  no build target found for C:\Users\gujar\OneDrive\Documents\Java\linked_list\double_linked.java. Using fallback presentation compiler.
2026.05.01 19:26:44 INFO  no build target found for C:\Users\gujar\OneDrive\Documents\Java\linked_list\creating_linked_list.java. Using fallback presentation compiler.
2026.05.01 19:26:44 WARN  no build target for: C:\Users\gujar\OneDrive\Documents\Java\linked_list\creating_linked_list.java
2026.05.01 19:26:44 INFO  no build target found for C:\Users\gujar\OneDrive\Documents\Java\linked_list\creating_linked_list.java. Using fallback presentation compiler.
2026.05.01 19:26:44 INFO  no build target found for C:\Users\gujar\OneDrive\Documents\Java\linked_list\creating_linked_list.java. Using fallback presentation compiler.
2026.05.01 19:26:44 INFO  no build target found for C:\Users\gujar\OneDrive\Documents\Java\linked_list\creating_linked_list.java. Using fallback presentation compiler.
2026.05.01 19:26:44 INFO  no build target found for C:\Users\gujar\OneDrive\Documents\Java\linked_list\creating_linked_list.java. Using fallback presentation compiler.
May 01, 2026 7:26:46 PM org.eclipse.lsp4j.jsonrpc.RemoteEndpoint handleCancellation
WARNING: Unmatched cancel notification for request id 164
2026.05.01 19:26:46 INFO  no build target found for C:\Users\gujar\OneDrive\Documents\Java\linked_list\creating_linked_list.java. Using fallback presentation compiler.
2026.05.01 19:26:46 INFO  no build target found for C:\Users\gujar\OneDrive\Documents\Java\linked_list\creating_linked_list.java. Using fallback presentation compiler.
2026.05.01 19:26:46 INFO  no build target found for C:\Users\gujar\OneDrive\Documents\Java\linked_list\creating_linked_list.java. Using fallback presentation compiler.
2026.05.01 19:26:46 WARN  Running javac-semanticdb failed for file:///C:/Users/gujar/OneDrive/Documents/Java/linked_list/creating_linked_list.java. Output:

2026.05.01 19:26:46 WARN  no build target for: C:\Users\gujar\OneDrive\Documents\Java\linked_list\creating_linked_list.java
2026.05.01 19:26:47 INFO  no build target found for C:\Users\gujar\OneDrive\Documents\Java\linked_list\creating_linked_list.java. Using fallback presentation compiler.
2026.05.01 19:26:48 INFO  no build target found for C:\Users\gujar\OneDrive\Documents\Java\linked_list\creating_linked_list.java. Using fallback presentation compiler.
2026.05.01 19:27:06 INFO  no build target found for C:\Users\gujar\OneDrive\Documents\Java\linked_list\creating_linked_list.java. Using fallback presentation compiler.
2026.05.01 19:27:16 INFO  no build target found for C:\Users\gujar\OneDrive\Documents\Java\linked_list\creating_linked_list.java. Using fallback presentation compiler.
2026.05.01 19:27:16 INFO  no build target found for C:\Users\gujar\OneDrive\Documents\Java\linked_list\creating_linked_list.java. Using fallback presentation compiler.
2026.05.01 19:27:16 INFO  no build target found for C:\Users\gujar\OneDrive\Documents\Java\linked_list\creating_linked_list.java. Using fallback presentation compiler.
2026.05.01 19:27:17 INFO  no build target found for C:\Users\gujar\OneDrive\Documents\Java\linked_list\creating_linked_list.java. Using fallback presentation compiler.
2026.05.01 19:27:17 INFO  no build target found for C:\Users\gujar\OneDrive\Documents\Java\linked_list\creating_linked_list.java. Using fallback presentation compiler.
2026.05.01 19:27:17 WARN  no build target for: C:\Users\gujar\OneDrive\Documents\Java\linked_list\creating_linked_list.java
2026.05.01 19:27:17 INFO  no build target found for C:\Users\gujar\OneDrive\Documents\Java\linked_list\creating_linked_list.java. Using fallback presentation compiler.
2026.05.01 19:27:36 INFO  Shutting down server
2026.05.01 19:27:36 INFO  Memory monitor stopped
2026.05.01 19:27:36 INFO  shutting down Metals
2026.05.01 19:27:36 INFO  Exiting server
2026.05.01 19:29:04 INFO  Started: Metals version 1.6.7 in folders 'C:\Users\gujar\OneDrive\Documents\Java' for client Visual Studio Code 1.118.1.
2026.05.01 19:29:04 INFO  Memory monitor started
2026.05.01 19:29:06 WARN  Using H2 2.4.240 which is newer than the version Flyway has been verified with. The latest verified version of H2 is 2.3.232.
2026.05.01 19:29:14 INFO  no build target found for C:\Users\gujar\OneDrive\Documents\Java\linked_list\creating_linked_list.java. Using fallback presentation compiler.
2026.05.01 19:29:16 WARN  no build tool detected in workspace 'C:\Users\gujar\OneDrive\Documents\Java'. The most common cause for this problem is that the editor was opened in the wrong working directory, for example if you use sbt then the workspace directory should contain build.sbt. 
2026.05.01 19:29:16 WARN  Build server is not auto-connectable.
2026.05.01 19:29:16 WARN  no build target for: C:\Users\gujar\OneDrive\Documents\Java\linked_list\creating_linked_list.java
May 01, 2026 7:29:20 PM org.eclipse.lsp4j.jsonrpc.RemoteEndpoint handleCancellation
WARNING: Unmatched cancel notification for request id 6
May 01, 2026 7:29:20 PM org.eclipse.lsp4j.jsonrpc.RemoteEndpoint handleCancellation
WARNING: Unmatched cancel notification for request id 2
2026.05.01 19:29:20 INFO  no build target found for C:\Users\gujar\OneDrive\Documents\Java\linked_list\creating_linked_list.java. Using fallback presentation compiler.
May 01, 2026 7:29:20 PM org.eclipse.lsp4j.jsonrpc.RemoteEndpoint handleCancellation
WARNING: Unmatched cancel notification for request id 8
2026.05.01 19:29:20 INFO  no build target found for C:\Users\gujar\OneDrive\Documents\Java\linked_list\creating_linked_list.java. Using fallback presentation compiler.
2026.05.01 19:29:20 INFO  no build target found for C:\Users\gujar\OneDrive\Documents\Java\linked_list\creating_linked_list.java. Using fallback presentation compiler.
2026.05.01 19:29:20 INFO  no build target found for C:\Users\gujar\OneDrive\Documents\Java\linked_list\creating_linked_list.java. Using fallback presentation compiler.
2026.05.01 19:29:20 INFO  no build target found for C:\Users\gujar\OneDrive\Documents\Java\linked_list\creating_linked_list.java. Using fallback presentation compiler.
May 01, 2026 7:29:21 PM org.eclipse.lsp4j.jsonrpc.RemoteEndpoint handleCancellation
WARNING: Unmatched cancel notification for request id 9
May 01, 2026 7:29:21 PM org.eclipse.lsp4j.jsonrpc.RemoteEndpoint handleCancellation
WARNING: Unmatched cancel notification for request id 10
May 01, 2026 7:29:21 PM org.eclipse.lsp4j.jsonrpc.RemoteEndpoint handleCancellation
WARNING: Unmatched cancel notification for request id 11
May 01, 2026 7:29:21 PM org.eclipse.lsp4j.jsonrpc.services.GenericEndpoint notify
INFO: Unsupported notification method: $/setTrace
May 01, 2026 7:29:21 PM org.eclipse.lsp4j.jsonrpc.services.GenericEndpoint notify
INFO: Unsupported notification method: $/setTrace
2026.05.01 19:29:21 INFO  no build target found for C:\Users\gujar\OneDrive\Documents\Java\linked_list\creating_linked_list.java. Using fallback presentation compiler.
2026.05.01 19:29:20 INFO  no build target found for C:\Users\gujar\OneDrive\Documents\Java\linked_list\creating_linked_list.java. Using fallback presentation compiler.
2026.05.01 19:29:20 INFO  no build target found for C:\Users\gujar\OneDrive\Documents\Java\linked_list\creating_linked_list.java. Using fallback presentation compiler.
May 01, 2026 7:29:21 PM org.eclipse.lsp4j.jsonrpc.RemoteEndpoint handleCancellation
WARNING: Unmatched cancel notification for request id 15
May 01, 2026 7:29:21 PM org.eclipse.lsp4j.jsonrpc.RemoteEndpoint handleCancellation
WARNING: Unmatched cancel notification for request id 17
2026.05.01 19:29:20 INFO  no build target found for C:\Users\gujar\OneDrive\Documents\Java\linked_list\creating_linked_list.java. Using fallback presentation compiler.
2026.05.01 19:29:21 INFO  no build target found for C:\Users\gujar\OneDrive\Documents\Java\linked_list\creating_linked_list.java. Using fallback presentation compiler.
2026.05.01 19:29:21 INFO  no build target found for C:\Users\gujar\OneDrive\Documents\Java\linked_list\creating_linked_list.java. Using fallback presentation compiler.
2026.05.01 19:29:21 INFO  no build target found for C:\Users\gujar\OneDrive\Documents\Java\linked_list\creating_linked_list.java. Using fallback presentation compiler.
May 01, 2026 7:29:22 PM org.eclipse.lsp4j.jsonrpc.RemoteEndpoint handleCancellation
WARNING: Unmatched cancel notification for request id 20
May 01, 2026 7:29:22 PM org.eclipse.lsp4j.jsonrpc.RemoteEndpoint handleCancellation
WARNING: Unmatched cancel notification for request id 21
2026.05.01 19:29:23 INFO  no build target found for C:\Users\gujar\OneDrive\Documents\Java\linked_list\creating_linked_list.java. Using fallback presentation compiler.
2026.05.01 19:34:30 INFO  Shutting down server
2026.05.01 19:34:30 INFO  Memory monitor stopped
2026.05.01 19:34:30 INFO  shutting down Metals
2026.05.01 19:34:31 INFO  Exiting server
2026.05.04 19:11:55 INFO  Started: Metals version 1.6.7 in folders 'C:\Users\gujar\OneDrive\Documents\Java' for client Visual Studio Code 1.118.1.
2026.05.04 19:11:55 INFO  Memory monitor started
2026.05.04 19:11:56 WARN  Using H2 2.4.240 which is newer than the version Flyway has been verified with. The latest verified version of H2 is 2.3.232.
2026.05.04 19:12:05 WARN  no build tool detected in workspace 'C:\Users\gujar\OneDrive\Documents\Java'. The most common cause for this problem is that the editor was opened in the wrong working directory, for example if you use sbt then the workspace directory should contain build.sbt. 
2026.05.04 19:12:05 WARN  Build server is not auto-connectable.
2026.05.04 19:12:05 WARN  no build target for: C:\Users\gujar\OneDrive\Documents\Java\.vscode\collections\array_list.java
2026.05.04 19:12:06 INFO  no build target found for C:\Users\gujar\OneDrive\Documents\Java\.vscode\collections\array_list.java. Using fallback presentation compiler.
2026.05.04 19:12:10 INFO  no build target found for C:\Users\gujar\OneDrive\Documents\Java\.vscode\collections\array_list.java. Using fallback presentation compiler.
May 04, 2026 7:12:11 PM org.eclipse.lsp4j.jsonrpc.RemoteEndpoint handleCancellation
WARNING: Unmatched cancel notification for request id 7
May 04, 2026 7:12:11 PM org.eclipse.lsp4j.jsonrpc.RemoteEndpoint handleCancellation
WARNING: Unmatched cancel notification for request id 2
2026.05.04 19:12:11 INFO  no build target found for C:\Users\gujar\OneDrive\Documents\Java\.vscode\collections\array_list.java. Using fallback presentation compiler.
2026.05.04 19:12:11 INFO  no build target found for C:\Users\gujar\OneDrive\Documents\Java\.vscode\collections\array_list.java. Using fallback presentation compiler.
May 04, 2026 7:12:11 PM org.eclipse.lsp4j.jsonrpc.RemoteEndpoint handleCancellation
WARNING: Unmatched cancel notification for request id 9
May 04, 2026 7:12:11 PM org.eclipse.lsp4j.jsonrpc.RemoteEndpoint handleCancellation
WARNING: Unmatched cancel notification for request id 10
May 04, 2026 7:12:11 PM org.eclipse.lsp4j.jsonrpc.RemoteEndpoint handleCancellation
WARNING: Unmatched cancel notification for request id 8
2026.05.04 19:12:11 INFO  no build target found for C:\Users\gujar\OneDrive\Documents\Java\.vscode\collections\array_list.java. Using fallback presentation compiler.
May 04, 2026 7:12:12 PM org.eclipse.lsp4j.jsonrpc.services.GenericEndpoint notify
INFO: Unsupported notification method: $/setTrace
May 04, 2026 7:12:12 PM org.eclipse.lsp4j.jsonrpc.RemoteEndpoint handleCancellation
WARNING: Unmatched cancel notification for request id 12
2026.05.04 19:12:11 INFO  no build target found for C:\Users\gujar\OneDrive\Documents\Java\.vscode\collections\array_list.java. Using fallback presentation compiler.
2026.05.04 19:12:11 INFO  no build target found for C:\Users\gujar\OneDrive\Documents\Java\.vscode\collections\array_list.java. Using fallback presentation compiler.
May 04, 2026 7:12:12 PM org.eclipse.lsp4j.jsonrpc.RemoteEndpoint handleCancellation
WARNING: Unmatched cancel notification for request id 15
2026.05.04 19:12:12 INFO  no build target found for C:\Users\gujar\OneDrive\Documents\Java\.vscode\collections\array_list.java. Using fallback presentation compiler.
2026.05.04 19:12:13 INFO  no build target found for C:\Users\gujar\OneDrive\Documents\Java\.vscode\collections\array_list.java. Using fallback presentation compiler.
May 04, 2026 7:12:14 PM org.eclipse.lsp4j.jsonrpc.RemoteEndpoint handleCancellation
WARNING: Unmatched cancel notification for request id 19
May 04, 2026 7:12:14 PM org.eclipse.lsp4j.jsonrpc.RemoteEndpoint handleCancellation
WARNING: Unmatched cancel notification for request id 20
2026.05.04 19:12:13 INFO  no build target found for C:\Users\gujar\OneDrive\Documents\Java\.vscode\collections\array_list.java. Using fallback presentation compiler.
2026.05.04 19:12:13 INFO  no build target found for C:\Users\gujar\OneDrive\Documents\Java\.vscode\collections\array_list.java. Using fallback presentation compiler.
2026.05.04 19:12:14 INFO  no build target found for C:\Users\gujar\OneDrive\Documents\Java\.vscode\collections\array_list.java. Using fallback presentation compiler.
2026.05.04 19:12:13 INFO  no build target found for C:\Users\gujar\OneDrive\Documents\Java\.vscode\collections\array_list.java. Using fallback presentation compiler.
May 04, 2026 7:12:14 PM org.eclipse.lsp4j.jsonrpc.RemoteEndpoint handleCancellation
WARNING: Unmatched cancel notification for request id 21
2026.05.04 19:12:19 INFO  no build target found for C:\Users\gujar\OneDrive\Documents\Java\.vscode\collections\array_list.java. Using fallback presentation compiler.
2026.05.04 19:12:22 WARN  no build target for: C:\Users\gujar\OneDrive\Documents\Java\.vscode\collections\array_list.java
2026.05.04 19:12:22 INFO  no build target found for C:\Users\gujar\OneDrive\Documents\Java\.vscode\collections\array_list.java. Using fallback presentation compiler.
2026.05.04 19:12:24 INFO  no build target found for C:\Users\gujar\OneDrive\Documents\Java\.vscode\collections\array_list.java. Using fallback presentation compiler.
2026.05.04 19:12:24 INFO  no build target found for C:\Users\gujar\OneDrive\Documents\Java\.vscode\collections\array_list.java. Using fallback presentation compiler.
2026.05.04 19:12:24 INFO  no build target found for C:\Users\gujar\OneDrive\Documents\Java\.vscode\collections\array_list.java. Using fallback presentation compiler.
2026.05.04 19:12:24 INFO  no build target found for C:\Users\gujar\OneDrive\Documents\Java\.vscode\collections\array_list.java. Using fallback presentation compiler.
May 04, 2026 7:12:25 PM org.eclipse.lsp4j.jsonrpc.RemoteEndpoint handleCancellation
WARNING: Unmatched cancel notification for request id 31
May 04, 2026 7:12:25 PM org.eclipse.lsp4j.jsonrpc.RemoteEndpoint handleCancellation
WARNING: Unmatched cancel notification for request id 33
2026.05.04 19:12:24 INFO  no build target found for C:\Users\gujar\OneDrive\Documents\Java\.vscode\collections\array_list.java. Using fallback presentation compiler.
2026.05.04 19:12:27 INFO  no build target found for C:\Users\gujar\OneDrive\Documents\Java\.vscode\collections\array_list.java. Using fallback presentation compiler.
2026.05.04 19:12:27 INFO  no build target found for C:\Users\gujar\OneDrive\Documents\Java\.vscode\collections\array_list.java. Using fallback presentation compiler.
2026.05.04 19:12:27 INFO  no build target found for C:\Users\gujar\OneDrive\Documents\Java\.vscode\collections\array_list.java. Using fallback presentation compiler.
2026.05.04 19:12:30 INFO  no build target found for C:\Users\gujar\OneDrive\Documents\Java\.vscode\collections\array_list.java. Using fallback presentation compiler.
2026.05.04 19:12:30 INFO  no build target found for C:\Users\gujar\OneDrive\Documents\Java\.vscode\collections\array_list.java. Using fallback presentation compiler.
2026.05.04 19:12:52 INFO  no build target found for C:\Users\gujar\OneDrive\Documents\Java\file_handling\one_more.java. Using fallback presentation compiler.
2026.05.04 19:12:52 WARN  no build target for: C:\Users\gujar\OneDrive\Documents\Java\file_handling\one_more.java
2026.05.04 19:12:52 INFO  no build target found for C:\Users\gujar\OneDrive\Documents\Java\file_handling\one_more.java. Using fallback presentation compiler.
2026.05.04 19:12:52 INFO  no build target found for C:\Users\gujar\OneDrive\Documents\Java\file_handling\one_more.java. Using fallback presentation compiler.
2026.05.04 19:12:52 INFO  no build target found for C:\Users\gujar\OneDrive\Documents\Java\file_handling\one_more.java. Using fallback presentation compiler.
2026.05.04 19:12:53 INFO  no build target found for C:\Users\gujar\OneDrive\Documents\Java\file_handling\one_more.java. Using fallback presentation compiler.
2026.05.04 19:12:52 INFO  no build target found for C:\Users\gujar\OneDrive\Documents\Java\file_handling\one_more.java. Using fallback presentation compiler.
2026.05.04 19:12:59 INFO  no build target found for C:\Users\gujar\OneDrive\Documents\Java\file_handling\one_more.java. Using fallback presentation compiler.
2026.05.04 19:13:11 INFO  no build target found for C:\Users\gujar\OneDrive\Documents\Java\file_handling\one_more.java. Using fallback presentation compiler.
2026.05.04 19:13:18 INFO  Shutting down server
2026.05.04 19:13:18 INFO  Memory monitor stopped
2026.05.04 19:13:18 INFO  shutting down Metals
2026.05.04 19:13:18 INFO  Exiting server
